vehicle_id,trip_id,rows,valid_rows,min_ms,max_ms,day_num,duration_s
2,694,574,574,0,445400,11.5940013241,445.4
2,714,492,492,0,335100,17.7184408796,335.1
2,760,868,868,0,669900,34.700724463,669.9
2,785,435,435,0,283900,50.9360149167,283.9
2,795,511,511,0,382800,53.0129235556,382.8
2,829,1772,1772,0,1221600,68.9122843333,1221.6
2,975,430,430,0,325900,114.580995259,325.9
2,1028,561,561,0,430000,130.690477972,430.0
2,1049,561,561,0,427700,136.686779361,427.7
2,1075,269,269,0,188700,145.724409796,188.7
8,734,523,523,0,351200,9.72352006482,351.2
8,743,665,665,0,471500,12.5713887037,471.5
8,746,627,627,0,497800,13.6695994074,497.8
8,805,539,539,0,398800,29.5723856389,398.8
8,811,483,483,0,504100,31.933240963,504.1
8,838,525,525,0,403300,39.5680183889,403.3
8,854,825,825,0,619200,43.9277080185,619.2
8,855,1165,1165,0,840900,43.946717963,840.9
8,878,508,508,0,387900,50.5800401389,387.9
8,891,452,452,0,336900,54.7350252778,336.9
8,894,404,404,0,306500,55.6784204722,306.5
8,897,249,249,0,210500,60.891148037,210.5
8,898,723,723,0,549200,60.905576037,549.2
8,907,1603,1603,0,1319800,67.5233353704,1319.8
8,909,555,555,0,447400,67.9054225833,447.4
8,925,511,511,0,342100,76.7040132315,342.1
8,940,495,495,0,378800,82.93290625,378.8
8,948,471,471,0,299100,86.8979870833,299.1
8,954,597,597,0,399400,89.5527171111,399.4
8,982,613,613,0,431200,99.568217537,431.2
8,990,731,729,0,616600,103.521055907,616.6
8,1014,508,508,0,371900,110.865212944,371.9
8,1120,373,373,0,295300,151.866614157,295.3
8,1123,439,439,0,336600,152.754268796,336.6
12,492,525,525,0,385500,31.9864854167,385.5
12,494,1213,1213,0,916700,32.021583463,916.7
12,495,453,453,0,318000,32.6025927037,318.0
12,496,325,325,0,247900,33.056052963,247.9
12,522,495,495,0,377200,41.6563124444,377.2
12,567,1199,1199,0,915300,175.577043907,915.3
12,642,1221,1221,0,954600,206.967597917,954.6
12,644,1289,1289,0,997200,207.014824861,997.2
12,675,330,330,0,225500,214.983304343,225.5
12,724,758,758,0,634100,230.005502,634.1
12,746,1027,1027,0,785700,245.068421296,785.7
12,819,1272,1272,0,1022100,270.029143981,1022.1
12,848,393,393,0,281900,280.066282278,281.9
12,859,1180,1180,0,928900,282.805123435,928.9
12,874,704,704,0,524700,290.013128917,524.7
12,891,465,465,0,458300,294.972810333,458.3
12,903,1806,1806,0,1381400,302.749927944,1381.4
12,906,1107,1107,0,814800,302.927350546,814.8
12,924,1010,1010,0,870500,310.508722352,870.5
12,979,472,472,0,377300,333.653165306,377.3
12,1010,493,493,0,388800,346.037489565,388.8
12,1021,342,342,0,280500,350.97093987,280.5
12,1045,280,280,0,204200,358.095481537,204.2
12,1069,399,399,0,314300,365.974595657,314.3
108,840,315,315,0,188600,19.6001144537,188.6
108,1104,1165,1165,0,1151100,130.664800741,1151.1
108,1167,1011,1011,0,904200,161.591697435,904.2
108,1175,360,360,0,259100,163.721160037,259.1
108,1255,1119,1119,0,572300,191.767603454,572.3
108,1369,445,445,0,214200,232.672898648,214.2
108,1391,1901,1894,0,1079500,239.656648389,1079.5
108,1399,368,368,0,221300,241.619355139,221.3
108,1400,1258,1258,0,698600,242.448309815,698.6
108,1401,1386,1386,0,627700,242.4633075,627.7
108,1406,684,684,0,341200,249.71744788,341.2
108,1478,446,446,0,233200,277.797810648,233.2
108,1487,845,845,0,401800,283.62050463,401.8
108,1494,3444,3444,0,4915000,284.622990352,4915.0
116,2617,3696,3696,0,3474000,16.5425942315,3474.0
116,2628,326,326,0,216900,16.8053933148,216.9
116,2634,418,418,0,247900,17.6657614074,247.9
116,2647,1332,1332,0,937500,18.6314776389,937.5
116,2648,913,913,0,603700,18.6700597593,603.7
116,2651,593,593,0,396200,18.7801181481,396.2
116,2673,740,740,0,450600,22.6641898519,450.6
116,2674,528,528,0,366300,22.6798885,366.3
116,2678,757,757,0,582500,22.7555533148,582.5
116,2699,5625,5625,0,4903900,24.5445435741,4903.9
116,2701,3151,3149,0,2717500,24.649493537,2717.5
116,2703,875,875,0,794300,24.7700268981,794.3
116,2705,1744,1744,0,1107500,29.4506206667,1107.5
116,2713,389,389,0,220800,29.6573481018,220.8
116,2718,576,576,0,380700,29.7709621019,380.7
120,258,466,466,0,315000,23.6073898426,315.0
120,262,319,319,0,232300,24.5814863889,232.3
120,286,414,414,0,298400,58.5581541389,298.4
123,1278,652,652,0,469300,10.5464536667,469.3
123,1296,379,379,0,279800,12.590090463,279.8
123,1347,627,627,0,462400,24.5391484074,462.4
123,1562,348,348,0,279500,66.9549386018,279.5
123,1573,534,534,0,346200,70.0756238241,346.2
123,1643,371,371,0,269700,86.4979152685,269.7
123,1658,997,997,0,817400,89.9437121759,817.4
123,1669,920,920,0,640800,91.1710205185,640.8
123,1690,1026,1026,0,836000,96.018289463,836.0
123,1767,341,341,0,253500,115.498863352,253.5
123,1835,380,380,0,266700,129.514241093,266.7
123,1873,604,604,0,455500,138.047188343,455.5
123,1884,1013,1013,0,854600,139.199214009,854.6
123,1897,728,728,0,509100,142.07544788,509.1
123,1939,520,520,0,429700,150.498244639,429.7
123,2017,1314,1314,0,1042300,167.732247426,1042.3
123,2064,325,325,0,191800,175.994458685,191.8
123,2067,672,672,0,359600,176.014591657,359.6
123,2140,431,431,0,229500,195.564035398,229.5
123,2141,855,855,0,527900,195.575815898,527.9
123,2299,1248,1248,0,720800,224.617867944,720.8
123,2917,502,502,0,273900,350.636420324,273.9
123,2918,928,928,0,504900,350.643421463,504.9
123,2923,376,376,0,224800,350.822646713,224.8
129,1031,1090,1090,0,802500,13.0530949259,802.5
129,1369,874,874,0,626800,89.8647606574,626.8
129,1375,464,464,0,342400,90.7235347222,342.4
129,2021,488,488,0,335200,268.670754333,335.2
129,2196,723,723,0,529500,310.692120185,529.5
129,2207,284,284,0,218700,312.776494676,218.7
130,1027,376,376,0,249900,12.9474062315,249.9
130,1049,536,536,0,373600,16.702085463,373.6
130,1055,421,421,0,295400,17.0012627685,295.4
130,1076,326,326,0,237600,20.8326368519,237.6
130,1081,352,352,0,265400,22.000162787,265.4
130,1082,633,633,0,427900,22.6570820278,427.9
130,1104,528,528,0,532700,26.6072616667,532.7
130,1112,278,278,0,195500,27.9191153148,195.5
130,1125,634,634,0,475100,95.9276860648,475.1
130,1126,268,268,0,225100,95.9711063889,225.1
130,1134,563,563,0,414800,96.9522203333,414.8
130,1143,314,314,0,216800,98.8382196481,216.8
130,1183,517,517,0,378600,108.820799583,378.6
130,1533,456,456,0,225200,178.762783806,225.2
130,1534,2571,2571,0,1406600,179.838677269,1406.6
130,1588,648,648,0,305000,210.802853194,305.0
130,1697,446,446,0,237900,252.945148444,237.9
130,1714,1242,1242,0,1220100,255.652840426,1220.1
130,1760,699,699,0,819300,261.695676917,819.3
130,1808,481,481,0,241700,367.043562278,241.7
130,1822,715,715,0,334800,368.634489769,334.8
130,1823,2482,2482,0,1481600,368.659830157,1481.6
130,1826,493,493,0,237900,368.97105537,237.9
130,1853,1911,1911,0,1114000,373.732825583,1114.0
132,1252,997,997,0,715400,12.5114036018,715.4
132,1382,653,653,0,456300,39.9442090648,456.3
132,1384,1054,1054,0,809100,40.5083904537,809.1
132,1403,1813,1813,0,1209800,45.5170938611,1209.8
132,1439,485,485,0,355300,52.6177498889,355.3
132,1444,731,731,0,466800,52.8072044537,466.8
132,1451,1691,1691,0,1200400,53.511956037,1200.4
132,1507,369,369,0,325400,71.7478143333,325.4
132,1521,835,835,0,592500,75.6985940648,592.5
132,1555,1068,1068,0,736500,82.4738172407,736.5
132,1580,331,331,0,236400,88.5690593056,236.4
132,1595,811,811,0,590500,90.9407784907,590.5
132,1616,1868,1868,0,1748700,94.9581272963,1748.7
132,1623,1604,1604,0,1127400,95.911553037,1127.4
132,1642,598,598,0,455900,104.736209694,455.9
132,1671,282,282,0,225200,110.861911593,225.2
132,1691,1242,1242,0,2046500,114.885774306,2046.5
132,1696,723,723,0,515300,115.484795065,515.3
132,1846,623,623,0,405200,162.881110306,405.2
132,1863,537,537,0,340200,165.741081769,340.2
132,1895,303,303,0,183300,171.470621787,183.3
132,1914,673,673,0,309000,173.930121509,309.0
132,2024,1065,1065,0,513400,190.984315843,513.4
132,2235,1373,1373,0,600700,229.462132352,600.7
133,1443,438,438,0,308500,11.7019951296,308.5
133,1453,835,835,0,579800,12.6592986481,579.8
133,1468,1376,1376,0,1070900,14.8962623796,1070.9
133,1480,515,515,0,488500,16.0241631389,488.5
133,1547,360,360,0,307100,24.8348531574,307.1
133,1555,542,542,0,419700,27.7342386667,419.7
133,1601,464,464,0,354600,33.8096583426,354.6
133,1685,637,637,0,427100,43.8921384444,427.1
133,1812,347,347,0,256100,65.6978718611,256.1
133,1817,707,707,0,541700,66.6226821019,541.7
133,1837,1090,1090,0,1528000,70.8809443333,1528.0
133,1865,571,571,0,416500,76.612816287,416.5
133,1930,420,420,0,298400,84.815864213,298.4
133,1965,411,411,0,327300,88.480023537,327.3
133,2027,516,516,0,378900,94.6124484167,378.9
133,2122,313,313,0,277300,108.574483648,277.3
133,2125,750,750,0,533900,108.728672657,533.9
133,2214,366,366,0,268700,121.613390944,268.7
133,2246,422,422,0,314800,125.654721398,314.8
133,2263,584,584,0,456100,127.641253583,456.1
133,2290,724,724,0,553600,129.931422194,553.6
133,2366,466,466,0,343100,138.977344213,343.1
133,2428,296,296,0,221100,146.692113685,221.1
133,2502,589,589,0,464200,162.487771824,464.2
135,1029,1021,1021,0,841900,18.9211288241,841.9
135,1064,480,480,0,333900,26.7054417037,333.9
135,1093,718,718,0,549500,33.6582139167,549.5
135,1103,412,412,0,286300,34.7017874444,286.3
135,1112,381,381,0,301800,36.6571791019,301.8
135,1203,360,360,0,241100,68.7147278426,241.1
135,1207,871,871,0,646500,69.056152463,646.5
135,1221,398,398,0,278500,73.5715808333,278.5
135,1246,1632,1632,0,1250200,80.518187537,1250.2
135,1265,365,365,0,253000,83.7500701204,253.0
135,1295,318,318,0,227100,91.6482225185,227.1
135,1303,398,398,0,287600,94.5700971296,287.6
135,1406,1083,1083,0,812900,122.691252296,812.9
135,1483,1106,1106,0,749500,143.514637583,749.5
135,1664,356,356,0,254300,197.575351778,254.3
135,1749,845,845,0,628100,213.631869657,628.1
135,1827,817,817,0,565200,227.829139204,565.2
135,1950,387,387,0,299700,259.988311769,299.7
135,2243,588,588,0,425000,334.729548778,425.0
135,2264,450,450,0,329800,339.723909907,329.8
135,2307,550,550,0,425800,346.838341491,425.8
135,2316,1062,1062,0,884900,348.846540676,884.9
135,2360,419,419,0,346500,355.098930167,346.5
135,2381,547,547,0,413000,359.595069185,413.0
138,667,612,612,0,443600,19.6602694167,443.6
138,725,831,831,0,567500,176.90518263,567.5
138,856,649,649,0,473900,218.919650278,473.9
138,868,941,941,0,688600,222.019422843,688.6
138,873,578,578,0,413400,223.688482231,413.4
138,877,990,990,0,708900,224.801369157,708.9
138,969,768,768,0,512100,262.927314389,512.1
138,978,624,624,0,454000,266.731711435,454.0
138,1027,481,481,0,331500,286.688206426,331.5
138,1028,667,667,0,532600,286.876884148,532.6
139,993,319,319,0,211300,17.5618989352,211.3
139,1038,995,995,0,725500,29.6370129352,725.5
139,1062,956,956,0,663800,34.7095423796,663.8
139,1066,575,575,0,464600,36.5430976667,464.6
139,1093,259,259,0,205800,41.6833124074,205.8
139,1096,601,601,0,451500,41.7914666018,451.5
139,1102,1563,1563,0,1272900,43.6261555926,1272.9
139,1112,421,421,0,280700,44.98109325,280.7
139,1131,601,601,0,420200,48.4740092407,420.2
139,1141,589,589,0,452500,49.8021641296,452.5
139,1142,604,604,0,442700,49.8221089259,442.7
139,1149,738,738,0,583300,52.920662787,583.3
139,1163,249,249,0,181700,57.0502398982,181.7
139,1183,829,829,0,638300,65.5464580556,638.3
139,1192,991,991,0,790500,67.4601321667,790.5
139,1218,858,858,0,558400,71.674895963,558.4
139,1243,1756,1756,0,1405500,76.6510933056,1405.5
139,1282,376,376,0,279300,88.4564478241,279.3
139,1296,618,618,0,451700,89.8449096296,451.7
139,1390,1344,1344,0,980900,108.893563787,980.9
139,1511,786,786,0,541600,138.867488167,541.6
140,1274,335,335,0,217000,11.5463077963,217.0
140,1298,367,367,0,260500,15.7652414722,260.5
140,1328,552,552,0,384800,21.2109318796,384.8
140,1407,261,261,0,189500,34.0823970463,189.5
140,1413,235,235,0,188900,36.1806362778,188.9
140,1436,590,590,0,461000,39.8775278333,461.0
140,1504,1136,1136,0,838500,52.7847667037,838.5
140,1587,877,877,0,683800,61.82429775,683.8
140,1600,405,405,0,273900,65.7287139722,273.9
140,1630,296,296,0,184400,71.671141037,184.4
140,1661,621,621,0,493400,78.7201644815,493.4
140,1684,769,769,0,550500,81.6027543333,550.5
140,1732,423,423,0,312100,93.7704674815,312.1
140,1791,579,579,0,452600,102.850359019,452.6
140,1804,905,905,0,622600,104.801252259,622.6
140,1805,478,478,0,302800,104.820546574,302.8
140,1817,416,416,0,298700,105.921094926,298.7
140,1837,499,499,0,323300,109.926983009,323.3
140,1849,641,641,0,478700,114.808845111,478.7
140,1900,314,314,0,240200,127.725976389,240.2
140,1922,371,371,0,295800,135.678425796,295.8
140,1950,650,650,0,486800,142.788873954,486.8
140,1996,288,288,0,212900,153.875830815,212.9
140,2031,1047,1047,0,806500,163.622575009,806.5
141,1006,651,651,0,469900,191.927897778,469.9
141,1024,274,274,0,228600,198.891886685,228.6
141,1052,323,323,0,232500,214.917029833,232.5
141,1225,793,793,0,638200,291.875619472,638.2
141,1264,318,318,0,300100,313.87564275,300.1
141,1330,385,385,0,291300,340.922227824,291.3
141,1383,604,604,0,432600,360.928831787,432.6
142,1103,438,438,0,305700,10.9902255648,305.7
142,1104,475,475,0,299300,11.0114282963,299.3
142,1129,310,310,0,234300,15.4653018611,234.3
142,1152,816,816,0,591100,20.5091402685,591.1
142,1155,937,937,0,706500,20.7256912685,706.5
142,1227,444,444,0,324600,37.5389466482,324.6
142,1253,930,930,0,699600,41.6396511574,699.6
142,1279,1470,1470,0,1040400,46.9760145648,1040.4
142,1313,325,325,0,223000,53.6368424074,223.0
142,1317,897,897,0,651600,53.8804610556,651.6
142,1370,1227,1227,0,948400,66.8243013519,948.4
142,1408,681,681,0,500200,72.0354379815,500.2
142,1423,287,287,0,211700,74.4121850556,211.7
142,1479,976,976,0,682100,84.8404481759,682.1
142,1494,802,802,0,589100,90.0074718519,589.1
142,1507,313,313,0,235300,91.9051966296,235.3
142,1522,711,711,0,592600,93.8036929352,592.6
142,1527,845,845,0,573200,94.5211426574,573.2
142,1548,298,298,0,215500,102.513495222,215.5
142,1573,737,737,0,542800,106.60017813,542.8
142,1588,673,673,0,493500,110.842360417,493.5
142,1593,1033,1033,0,790500,111.01139837,790.5
142,1606,492,492,0,347900,114.429385009,347.9
142,1641,460,460,0,341700,121.438510083,341.7
143,1279,472,472,0,286200,18.8177523519,286.2
143,1295,672,672,0,465900,20.8185857037,465.9
143,1366,487,487,0,337500,28.7816470648,337.5
143,1404,436,436,0,304100,35.6477975278,304.1
143,1430,1486,1486,0,1034200,40.9402920741,1034.2
143,1437,349,349,0,257200,43.45268125,257.2
143,1454,277,277,0,189500,45.585803037,189.5
143,1469,706,706,0,485900,48.6638866852,485.9
143,1484,376,376,0,279500,49.8573079074,279.5
143,1498,373,373,0,253900,51.0656806667,253.9
143,1600,251,251,0,189700,73.5176423611,189.7
143,1602,1017,1017,0,652600,73.8891351759,652.6
143,1604,310,310,0,214600,74.5380238056,214.6
143,1622,356,356,0,260800,78.6371929722,260.8
143,1680,857,857,0,610500,86.904228963,610.5
145,282,381,381,0,280300,114.778136981,280.3
145,414,372,372,0,273100,177.673261315,273.1
145,612,609,609,0,474300,236.798324204,474.3
145,630,422,422,0,296300,239.056636722,296.3
145,638,370,370,0,277900,239.792540417,277.9
145,783,561,561,0,415800,255.814782019,415.8
145,805,1058,1058,0,923900,257.72849162,923.9
145,907,337,337,0,261500,267.978218657,261.5
145,941,822,822,0,591500,270.867274981,591.5
145,964,475,475,0,366000,272.800346796,366.0
145,1038,738,738,0,495400,277.533270389,495.4
145,1077,466,466,0,364000,280.956488889,364.0
145,1097,605,605,0,439700,282.084972426,439.7
145,1151,370,370,0,271800,288.022411009,271.8
145,1244,575,575,0,437700,296.655442056,437.7
145,1255,324,324,0,228500,297.696114713,228.5
145,1365,583,583,0,425000,310.132535602,425.0
145,1368,463,463,0,343600,310.732701111,343.6
145,1449,535,535,0,437200,323.640483833,437.2
145,1706,642,642,0,424200,347.774982472,424.2
145,1747,341,341,0,278100,353.502423296,278.1
145,1758,729,729,0,578600,354.461032648,578.6
145,1801,944,944,0,748900,358.688553991,748.9
145,1934,753,753,0,579900,371.973302963,579.9
147,742,273,273,0,210800,10.6375351481,210.8
147,750,344,344,0,237500,14.0075548611,237.5
147,769,734,734,0,520600,19.8030158333,520.6
147,786,772,772,0,576800,29.8337480185,576.8
147,787,864,864,0,644000,29.8526456852,644.0
147,795,918,918,0,705400,31.7358143889,705.4
147,837,1273,1273,0,1126100,44.9174706944,1126.1
147,838,428,428,0,296700,45.5957629722,296.7
147,852,304,304,0,218100,50.7467012963,218.1
147,860,284,284,0,201100,52.5969509259,201.1
147,883,644,644,0,474600,59.6410049444,474.6
147,901,304,304,0,198400,66.5664263518,198.4
147,902,233,233,0,202100,66.6096685741,202.1
147,908,407,407,0,287600,67.5765171019,287.6
147,914,318,318,0,220600,73.6607541481,220.6
147,940,763,763,0,612400,81.7962432778,612.4
147,944,523,523,0,376800,86.4837276019,376.8
147,945,502,502,0,378500,86.5473170926,378.5
147,947,842,842,0,599600,86.6572151481,599.6
147,949,471,471,0,325400,86.7438746852,325.4
147,1034,945,945,0,713200,135.829763537,713.2
147,1052,649,649,0,493000,144.773371731,493.0
147,1078,835,835,0,616700,157.927196796,616.7
147,1083,875,875,0,633000,159.824534796,633.0
148,615,734,734,0,529500,15.858264787,529.5
148,682,465,465,0,367800,39.8610988611,367.8
148,692,773,773,0,534300,43.7426091296,534.3
148,747,905,905,0,663600,71.4593025463,663.6
148,829,692,692,0,501800,106.456214907,501.8
149,647,258,258,0,195800,24.9793924722,195.8
149,688,288,288,0,214500,42.2445952963,214.5
149,690,381,381,0,271100,43.3757306389,271.1
149,692,493,493,0,353800,44.2415296296,353.8
149,693,705,705,0,536800,44.9966419907,536.8
149,704,301,301,0,229900,51.0796247222,229.9
149,710,311,311,0,217600,54.8103497963,217.6
149,736,1172,1172,0,870900,63.8578217222,870.9
149,752,310,310,0,233300,70.42065375,233.3
149,768,400,400,0,312900,74.6555735926,312.9
149,772,350,350,0,267400,78.3876703056,267.4
149,784,481,481,0,350100,84.1520620926,350.1
149,788,419,419,0,336200,89.3752688333,336.2
149,805,723,723,0,518400,96.88187375,518.4
149,810,470,470,0,353100,99.2451399352,353.1
149,820,389,389,0,271900,110.230862287,271.9
149,824,321,321,0,240900,113.274780917,240.9
149,845,826,826,0,625500,129.1844445,625.5
149,851,728,728,0,575500,134.506958519,575.5
149,857,613,613,0,473200,135.995759685,473.2
149,888,1104,1104,0,806300,154.698012074,806.3
149,896,735,735,0,608200,156.91187338,608.2
149,907,1379,1379,0,1053700,166.781756907,1053.7
149,1053,264,264,0,187900,212.187714833,187.9
153,1183,309,309,0,215300,14.5766851667,215.3
153,1184,332,332,0,264200,14.7996067963,264.2
153,1196,323,323,0,237800,21.9068587593,237.8
153,1213,435,435,0,315500,28.5466988148,315.5
153,1248,618,618,0,445700,42.727613037,445.7
153,1260,404,404,0,299600,44.6523556389,299.6
153,1265,610,610,0,428400,44.9520224722,428.4
153,1268,553,553,0,441300,46.4934273981,441.3
153,1272,401,401,0,306000,47.8648106111,306.0
153,1277,558,558,0,396300,49.7534095,396.3
153,1285,304,304,0,246900,51.7568261852,246.9
153,1345,215,215,0,185800,75.8366913241,185.8
153,1355,967,967,0,746400,78.9258815185,746.4
154,967,348,348,0,253800,10.5576810185,253.8
154,1009,908,908,0,604600,17.7070094815,604.6
154,1032,507,507,0,459900,19.8771126019,459.9
154,1054,409,409,0,261300,22.7604444444,261.3
154,1241,564,564,0,374900,56.73678775,374.9
154,1298,282,282,0,201400,70.6293285556,201.4
154,1494,649,649,0,472200,104.516399676,472.2
154,1539,390,390,0,267900,117.701508287,267.9
154,1568,796,796,0,691700,122.124384241,691.7
154,1570,602,602,0,437600,122.693482269,437.6
154,1716,1157,1157,0,802700,149.627535056,802.7
154,1796,932,932,0,690300,163.988582963,690.3
154,1843,1566,1561,0,1123400,172.005471778,1123.4
154,1850,392,392,0,266800,172.704293648,266.8
154,1913,549,549,0,391400,179.654841361,391.4
154,1963,692,692,0,482900,191.672363167,482.9
154,2030,368,368,0,234200,203.846570139,234.2
154,2234,670,670,0,479000,261.929458315,479.0
154,2236,1123,1123,0,835500,261.991095602,835.5
154,2415,1711,1711,0,1459000,289.766674074,1459.0
154,2425,737,737,0,627000,290.934477315,627.0
154,2596,493,493,0,337900,314.991562296,337.9
154,2855,445,445,0,309100,364.159365815,309.1
154,2925,770,770,0,532900,374.532606481,532.9
156,984,896,896,0,594800,21.1335710463,594.8
156,997,374,374,0,246400,29.532874963,246.4
156,1065,1532,1532,0,1148100,49.6996214537,1148.1
156,1168,491,491,0,353600,85.5630439815,353.6
156,1234,2629,2629,0,2001300,97.6495315093,2001.3
156,1241,467,467,0,313000,98.917563213,313.0
156,1263,443,443,0,309400,106.507400778,309.4
156,1269,741,741,0,475600,106.826134556,475.6
156,1300,357,357,0,233700,123.608021222,233.7
156,1359,534,534,0,398500,138.465442278,398.5
156,1372,2033,2033,0,1713000,142.950934704,1713.0
156,1472,770,770,0,337400,174.502901435,337.4
156,1475,529,529,0,234700,176.176526657,234.7
156,1489,1942,1942,0,931900,177.877776991,931.9
156,1532,840,840,0,382800,185.852286944,382.8
156,1549,619,619,0,295700,188.870100806,295.7
156,1571,947,947,0,455900,192.461053537,455.9
156,1578,827,827,0,372700,193.466298833,372.7
156,1600,871,871,0,410700,198.467712889,410.7
156,1700,488,488,0,209700,221.678569241,209.7
156,1703,2306,2306,0,3472900,222.509089102,3472.9
156,1706,1681,1681,0,876800,224.029948667,876.8
156,1714,1430,1430,0,747100,225.505331694,747.1
156,1715,1741,1741,0,910500,225.892676602,910.5
157,1989,627,627,0,479500,10.8029515185,479.5
157,1990,1035,1035,0,770100,10.872664037,770.1
157,2003,375,375,0,253200,12.745336,253.2
157,2048,620,620,0,423900,19.8676389074,423.9
157,2105,632,632,0,402700,27.9313323611,402.7
157,2128,933,933,0,682700,33.5778458056,682.7
157,2227,925,925,0,698100,50.6457822778,698.1
157,2229,406,406,0,286800,50.719984713,286.8
157,2259,294,294,0,268800,54.9296995556,268.8
157,2262,247,247,0,222200,55.0359007593,222.2
157,2263,1327,1327,0,1149600,55.0622250185,1149.6
157,2358,1263,1263,0,932200,68.8794956852,932.2
157,2361,623,623,0,471600,69.0036714815,471.6
157,2481,212,212,0,184700,85.8476617222,184.7
157,2719,1005,1005,0,755900,124.659296259,755.9
157,2763,1110,1110,0,767500,130.910821333,767.5
157,2764,662,662,0,460700,131.051992009,460.7
157,2768,1089,1089,0,799300,131.726649731,799.3
161,377,1025,1010,0,698500,21.7716866944,698.5
161,378,1045,1045,0,874900,21.7856500556,874.9
161,407,1754,1754,0,1476600,33.7350870278,1476.6
161,423,449,449,0,279400,41.789635787,279.4
161,426,496,496,0,361400,42.6433630926,361.4
161,438,862,862,0,603100,45.0194008704,603.1
161,453,287,287,0,232900,48.7091719537,232.9
161,492,1017,1017,0,1037700,65.6680430463,1037.7
161,499,416,409,0,412300,66.8303004815,412.3
161,520,510,510,0,419400,73.5922217963,419.4
161,521,1463,1463,0,1050600,73.7065519907,1050.6
161,556,1013,1013,0,775600,82.0831467685,775.6
161,566,507,507,0,505900,92.6904274352,505.9
161,567,217,217,0,203500,92.9563786944,203.5
161,589,3236,3236,0,2542200,96.6756831667,2542.2
161,608,954,954,0,693600,99.9038948796,693.6
161,624,491,491,0,370500,106.980199185,370.5
161,625,604,604,0,467800,106.991721083,467.8
161,640,1760,1760,0,1448000,112.771392528,1448.0
161,665,613,613,0,459000,125.644223546,459.0
161,678,593,593,0,431700,130.915491954,431.7
161,726,788,788,0,563800,147.656840935,563.8
161,737,637,637,0,446100,152.682133583,446.1
161,768,292,292,0,262900,155.947731926,262.9
162,535,834,834,0,630300,22.9167962963,630.3
162,622,254,254,0,180300,50.6781531852,180.3
162,628,495,495,0,363600,52.5766062407,363.6
162,629,719,719,0,533100,52.6580894352,533.1
162,682,524,524,0,372000,66.6543851574,372.0
162,795,1101,1101,0,755100,102.728837611,755.1
162,796,1138,1138,0,814100,102.889845056,814.1
162,804,1479,1479,0,1151600,103.748478704,1151.6
162,1149,1680,1680,0,1296400,218.891365241,1296.4
162,1150,1298,1298,0,944000,219.852272417,944.0
162,1154,1338,1338,0,1063800,220.881189833,1063.8
162,1718,423,423,0,291000,354.058319481,291.0
162,1725,394,394,0,258500,355.071442972,258.5
162,1743,668,668,0,457600,357.851863019,457.6
162,1761,702,702,0,558800,360.10260975,558.8
162,1775,1261,1261,0,992800,361.896611898,992.8
162,1786,508,508,0,378900,363.780543667,378.9
162,1793,866,866,0,617200,364.718614139,617.2
162,1822,203,203,0,193600,369.901957907,193.6
162,1824,1195,1195,0,897800,370.621551111,897.8
162,1825,1378,1378,0,1063500,370.670721528,1063.5
162,1826,733,733,0,528100,370.690680333,528.1
162,1840,547,547,0,384600,373.084294787,384.6
162,1845,465,465,0,333400,373.907407778,333.4
163,1100,645,645,0,467800,23.9747527037,467.8
163,1115,261,261,0,208800,26.7914724074,208.8
163,1137,1093,1093,0,792700,29.7091040185,792.7
163,1154,588,588,0,397700,33.6146014259,397.7
163,1175,282,282,0,214300,39.0217387037,214.3
163,1240,283,283,0,226800,54.9652617593,226.8
163,1273,569,569,0,440600,77.031123787,440.6
163,1293,384,384,0,330700,83.9370032685,330.7
163,1308,999,999,0,711000,90.9320676296,711.0
163,1316,985,985,0,756400,94.5701225185,756.4
163,1344,1045,1045,0,772300,103.722738,772.3
163,1388,282,282,0,221100,118.834548426,221.1
163,1487,268,268,0,197300,146.860165935,197.3
163,1488,1114,1114,0,819800,146.891260491,819.8
163,1501,219,219,0,183200,150.661258889,183.2
163,1551,533,533,0,360100,166.773194463,360.1
163,1583,382,382,0,241300,172.746801713,241.3
164,583,879,879,0,582500,10.8296386667,582.5
164,607,1358,1358,0,919100,17.7654559074,919.1
164,622,1017,1017,0,722800,20.7249644722,722.8
164,665,776,776,0,537400,34.6626202963,537.4
164,666,863,863,0,579100,34.7216555,579.1
164,671,831,831,0,733900,40.6004504537,733.9
164,711,1693,1693,0,1185300,90.6610315278,1185.3
164,737,649,649,0,480200,110.808845074,480.2
164,742,741,741,0,533700,114.619644935,533.7
164,745,991,991,0,806800,117.776735796,806.8
164,774,883,883,0,603500,136.779151231,603.5
164,855,1096,1096,0,748500,165.754152648,748.5
164,887,1490,1490,0,775500,172.781874944,775.5
167,799,487,487,0,358900,16.9038853241,358.9
167,836,866,866,0,674700,32.529282537,674.7
167,887,1501,1501,0,1063300,80.8735428796,1063.3
167,888,844,844,0,576500,80.9302359815,576.5
167,889,565,565,0,417400,82.584673963,417.4
167,902,525,525,0,346700,85.7494734722,346.7
167,983,336,336,0,212800,116.622276861,212.8
167,986,509,509,0,351600,116.925453519,351.6
167,1012,1290,1290,0,969300,122.792265722,969.3
167,1013,1315,1315,0,1003500,122.874328296,1003.5
167,1014,736,736,0,501000,122.916301074,501.0
167,1015,518,518,0,352700,124.871481889,352.7
167,1029,884,884,0,639000,129.878520009,639.0
167,1030,436,436,0,325500,129.915691435,325.5
167,1036,310,310,0,205200,130.878552009,205.2
167,1196,846,846,0,371700,175.826439389,371.7
167,1257,2667,2667,0,1589000,185.787838444,1589.0
167,1267,801,801,0,410800,188.910292657,410.8
167,1279,587,587,0,309600,201.907944407,309.6
167,1306,1439,1439,0,737600,208.816451,737.6
167,1307,866,866,0,426500,208.889193009,426.5
167,1309,615,615,0,316700,208.969570509,316.7
167,1311,3635,3635,0,2566300,210.724060481,2566.3
167,1375,889,889,0,484800,225.714759954,484.8
176,804,1750,1750,0,1333600,11.9407203333,1333.6
176,903,573,573,0,463700,36.9199147778,463.7
176,914,913,913,0,821200,40.9339882222,821.2
176,941,520,520,0,394900,47.9767364074,394.9
176,942,463,463,0,335900,48.6863040093,335.9
176,962,528,528,0,409000,52.972642787,409.0
176,967,576,576,0,381400,53.6076434259,381.4
176,1020,869,869,0,625200,72.5848353148,625.2
176,1021,1050,1050,0,720800,72.6741617963,720.8
176,1127,646,646,0,482700,109.550600583,482.7
176,1163,290,290,0,214300,120.642586694,214.3
176,1221,1016,1016,0,1212800,141.890687278,1212.8
176,1248,249,249,0,191200,151.560979333,191.2
176,1272,300,300,0,209400,162.637861806,209.4
176,1291,271,271,0,203700,169.654642361,203.7
179,969,346,346,0,239800,5.97741775,239.8
179,999,756,756,0,491900,12.5507196667,491.9
179,1019,1673,1673,0,1896700,17.0359340093,1896.7
179,1039,272,272,0,199000,19.9492393982,199.0
179,1050,610,610,0,430700,21.6568722222,430.7
179,1053,575,575,0,422700,21.7336057685,422.7
179,1064,1076,1076,0,859200,24.9231769907,859.2
179,1075,292,292,0,213600,27.8279532963,213.6
179,1125,316,316,0,212700,37.9303221667,212.7
179,1132,807,807,0,568900,39.9559813704,568.9
179,1162,1008,1008,0,1160000,45.7365855556,1160.0
179,1175,686,686,0,459200,51.5880625926,459.2
179,1184,509,509,0,340500,52.9035668333,340.5
179,1230,538,538,0,417200,66.8407680556,417.2
179,1237,780,780,0,645600,67.9149058611,645.6
179,1323,1018,1018,0,770700,93.7291735,770.7
179,1389,312,312,0,229200,108.832095352,229.2
179,1610,374,374,0,344600,168.671129148,344.6
185,1667,1630,1630,0,1167100,27.903894213,1167.1
185,1792,591,591,0,380400,43.5787916667,380.4
185,1793,401,401,0,306000,43.7751709074,306.0
185,1819,678,678,0,472800,47.8423901574,472.8
185,1881,2004,2004,0,1460400,55.8713506019,1460.4
185,2141,250,250,0,181000,90.8262712037,181.0
185,2176,593,593,0,366000,95.5830448796,366.0
185,2253,455,455,0,318100,106.741392231,318.1
185,2278,916,916,0,752200,109.709254796,752.2
185,2291,2077,2077,0,1651600,114.012398315,1651.6
185,2324,543,543,0,415700,120.780115741,415.7
185,2325,499,499,0,360300,121.506280093,360.3
185,2588,349,349,0,236300,159.879345806,236.3
185,2617,794,794,0,558100,163.676054324,558.1
185,2639,300,300,0,207500,165.87691437,207.5
185,2705,727,727,0,342400,174.673209009,342.4
185,2803,1035,1035,0,571600,185.552840426,571.6
185,2804,976,976,0,452100,185.660419861,452.1
185,2853,407,407,0,190700,192.141666204,190.7
185,2867,1155,1155,0,606800,193.065353491,606.8
185,2870,672,672,0,416500,193.661806713,416.5
185,2885,643,643,0,315800,195.531060556,315.8
185,3071,848,848,0,479700,214.555165083,479.7
185,3117,1938,1938,0,1009600,221.065327083,1009.6
189,2030,4629,4629,0,6560000,38.7141380278,6560.0
189,2036,1942,1942,0,1559300,40.7462982037,1559.3
189,2169,1379,1379,0,1671300,87.4902931574,1671.3
189,2190,425,425,0,376000,90.4452964815,376.0
189,2240,1220,1220,0,1122500,102.731086417,1122.5
189,2255,606,606,0,609900,106.50508725,609.9
189,2333,2061,2061,0,1753800,118.46363387,1753.8
189,2423,621,621,0,420900,138.683901769,420.9
189,2425,5089,5089,0,7326400,139.505299935,7326.4
189,2520,699,699,0,374800,157.689073361,374.8
191,836,618,618,0,458700,14.7004173796,458.7
191,875,733,733,0,546600,26.9530829815,546.6
191,1047,546,546,0,394900,81.6144794259,394.9
191,1160,750,750,0,532600,109.052302361,532.6
195,1127,1180,1180,0,862900,21.9250987685,862.9
195,1163,384,384,0,262500,28.9639364352,262.5
195,1187,298,298,0,244600,32.9309440926,244.6
195,1188,724,724,0,542800,32.9663396204,542.8
195,1215,523,523,0,453300,38.5058552315,453.3
195,1295,1239,1219,0,1111800,58.8092951204,1111.8
195,1369,1147,1147,0,853700,78.7789153426,853.7
195,1426,1367,1367,0,1049600,92.0364448519,1049.6
195,1454,646,646,0,479100,96.5032520741,479.1
195,1476,293,293,0,223300,102.892102694,223.3
195,1487,427,427,0,315600,106.905122796,315.6
195,1493,1146,1146,0,911400,107.90710112,911.4
195,1523,656,656,0,467300,116.951217778,467.3
195,1616,810,810,0,586900,137.879075157,586.9
195,1671,1433,1433,0,1142300,158.908582852,1142.3
195,1700,2601,2587,0,2278200,163.885062259,2278.2
195,1815,1641,1630,0,1335300,184.944797102,1335.3
195,1894,961,961,0,679100,198.976208537,679.1
195,2101,1272,1272,0,1006200,240.689643574,1006.2
195,2136,308,308,0,212300,250.001329528,212.3
195,2162,805,805,0,653200,253.584135083,653.2
195,2169,644,644,0,512900,254.62591125,512.9
195,2182,674,674,0,891700,260.737613056,891.7
195,2255,286,286,0,197700,278.700206861,197.7
199,804,575,575,0,461400,151.844123546,461.4
199,817,637,637,0,530600,153.682228759,530.6
199,835,372,372,0,263800,156.067529741,263.8
199,855,1204,1204,0,850600,158.927264241,850.6
199,877,600,600,0,477700,166.021918065,477.7
202,1211,512,512,0,385500,11.9594401667,385.5
202,1257,4050,4050,0,3022000,19.8304619352,3022.0
202,1264,1020,1020,0,827400,21.7860704907,827.4
202,1275,1401,1401,0,995500,23.6060883519,995.5
202,1277,244,244,0,193400,23.7007555833,193.4
202,1283,676,676,0,528800,24.1680806667,528.8
202,1311,890,890,0,588300,31.9549240926,588.3
202,1387,946,946,0,701500,47.8052592778,701.5
202,1493,279,279,0,233000,72.5597770648,233.0
202,1548,670,670,0,503200,83.08739675,503.2
202,1553,1037,1037,0,770300,84.7618820185,770.3
202,1574,1024,1024,0,716500,87.5034243426,716.5
202,1633,288,288,0,226500,99.6727107593,226.5
202,1638,2491,2491,0,1938700,100.52350713,1938.7
202,1645,257,257,0,194800,102.478821907,194.8
202,1775,875,875,0,617300,133.724515833,617.3
202,1790,278,278,0,239100,137.479466861,239.1
202,1796,727,727,0,523500,138.588918963,523.5
202,1819,630,630,0,475600,143.500614583,475.6
202,1862,279,279,0,258500,151.477227546,258.5
202,1933,868,868,0,612100,168.873993333,612.1
202,1947,1945,1945,0,1398700,171.76327763,1398.7
202,1960,1084,1084,0,542600,174.90294062,542.6
202,2832,2531,2531,0,1308900,367.868284833,1308.9
208,890,1216,1216,0,943700,23.5097248519,943.7
208,956,1206,1206,0,868100,42.6086097685,868.1
208,958,322,322,0,255600,42.7717843333,255.6
208,974,1653,1653,0,1264000,46.5234961574,1264.0
208,988,1253,1253,0,884600,49.718843037,884.6
208,995,2210,2210,0,1939600,50.9343074444,1939.6
208,1002,979,979,0,693800,53.5177174259,693.8
208,1066,391,391,0,349800,65.6601692037,349.8
208,1150,780,780,0,575800,88.8657259167,575.8
208,1211,1384,1384,0,1011100,109.474427398,1011.1
208,1213,1021,1021,0,781600,110.485323963,781.6
208,1226,1161,1161,0,804500,116.473591824,804.5
208,1230,1190,1190,0,840800,119.658022269,840.8
208,1234,1188,1188,0,902900,120.861144694,902.9
208,1236,1119,1119,0,769700,121.467502574,769.7
208,1244,2932,2932,0,2293900,123.895499926,2293.9
208,1245,1927,1927,0,1503900,124.480100954,1503.9
208,1257,947,947,0,699700,126.735011574,699.7
208,1293,1495,1495,0,1129600,138.862564759,1129.6
208,1318,947,947,0,682900,145.475959972,682.9
208,1377,611,611,0,500400,160.570619213,500.4
208,1398,1770,1770,0,1373900,164.859407574,1373.9
208,1401,1639,1639,0,1201500,165.861580722,1201.5
208,1402,1105,1105,0,785000,166.468206444,785.0
209,1150,1083,1083,0,777400,25.001584713,777.4
209,1159,1087,1087,0,827000,31.9640714815,827.0
209,1243,561,561,0,373300,46.8669996111,373.3
209,1244,802,802,0,620400,46.9267099167,620.4
209,1269,890,890,0,678500,53.0172851111,678.5
209,1282,373,373,0,280900,55.9556827963,280.9
209,1283,504,504,0,369100,56.118827713,369.1
209,1331,256,256,0,180500,71.6361598333,180.5
209,1368,1053,1053,0,699700,79.7635025741,699.7
209,1377,505,505,0,352800,82.4963749815,352.8
209,1379,467,467,0,367300,82.705693787,367.3
209,1381,504,504,0,400500,82.802452213,400.5
209,1389,275,275,0,205700,85.5608888148,205.7
209,1397,569,569,0,457600,87.8294967685,457.6
209,1398,422,422,0,336700,87.8400622222,336.7
209,1400,751,751,0,524300,87.9453314444,524.3
209,1410,338,338,0,250700,90.8532808056,250.7
209,1447,366,366,0,320700,101.483287093,320.7
209,1455,969,969,0,709000,103.784725417,709.0
209,1485,843,843,0,605400,109.90855513,605.4
209,1487,1088,1088,0,852100,109.948234898,852.1
209,1531,972,972,0,692200,123.737088204,692.2
209,1620,615,615,0,442500,142.49277987,442.5
209,1701,441,441,0,308500,159.618081389,308.5
214,446,322,322,0,263900,34.8009643426,263.9
214,458,486,486,0,348300,41.8990096852,348.3
214,484,1218,1218,0,1189200,56.7319234445,1189.2
214,526,387,387,0,250700,96.7856826852,250.7
214,527,357,357,0,224700,96.7955312685,224.7
214,588,1673,1673,0,1182600,129.83236837,1182.6
214,596,1026,1026,0,742900,141.816475917,742.9
214,648,1294,1294,0,631500,169.825505694,631.5
214,968,613,613,0,249900,373.825444167,249.9
216,753,549,549,0,389500,17.52505025,389.5
216,784,274,274,0,216700,26.632581,216.7
216,790,1446,1446,0,1321600,27.9036848889,1321.6
216,792,347,347,0,255200,28.7020443519,255.2
216,859,709,709,0,560600,43.7976739815,560.6
216,871,670,670,0,499200,47.5089723518,499.2
216,879,1498,1498,0,1290100,48.5917141759,1290.1
216,892,549,549,0,380300,50.5115426759,380.3
216,903,992,992,0,691400,52.9055243241,691.4
216,932,402,402,0,299200,57.5757800185,299.2
216,958,390,390,0,385800,60.5305994815,385.8
216,960,575,575,0,452300,60.8269838519,452.3
216,968,275,275,0,244800,61.4795507593,244.8
216,972,458,458,0,326700,61.7195985278,326.7
216,1001,1905,1905,0,1392300,69.5636595556,1392.3
216,1018,802,802,0,599900,73.1040354722,599.9
216,1029,541,541,0,401400,75.7582906389,401.4
216,1036,824,824,0,607800,76.848301,607.8
216,1037,997,997,0,748800,77.000548963,748.8
216,1048,601,601,0,410000,79.8404020278,410.0
216,1240,1740,1740,0,1547300,123.851057519,1547.3
216,1271,934,934,0,801400,126.8554795,801.4
216,1331,180,180,0,181400,139.004140065,181.4
217,925,517,517,0,362800,31.8738462685,362.8
217,932,846,846,0,618600,33.8375858333,618.6
217,1316,1044,1044,0,455300,157.83155712,455.3
217,1342,1978,1978,0,923800,163.860821889,923.8
217,1373,769,769,0,339400,169.77792587,339.4
230,915,1411,1411,0,881200,11.9743438056,881.2
230,941,491,491,0,358700,16.8503806204,358.7
230,943,378,378,0,274800,17.0534713426,274.8
230,971,956,956,0,762200,22.5077086111,762.2
230,976,735,735,0,531700,24.511768463,531.7
230,989,258,258,0,190100,26.4785993519,190.1
230,1006,1121,1121,0,862300,36.5063379444,862.3
230,1019,946,946,0,699800,38.8983066574,699.8
230,1050,919,919,0,672000,43.5159354444,672.0
230,1090,407,407,0,314700,56.7049848056,314.7
230,1095,489,489,0,406200,58.6143706852,406.2
230,1097,1838,1838,0,3821700,58.7329615278,3821.7
230,1115,633,633,0,475300,68.0653437315,475.3
230,1126,1035,1035,0,806000,69.8496303981,806.0
230,1146,1298,1298,0,918700,74.7087111111,918.7
230,1236,675,675,0,531400,95.4665623333,531.4
230,1255,1169,1169,0,886100,101.666065565,886.1
230,1272,547,547,0,449500,106.469634537,449.5
230,1273,596,596,0,452600,106.864949,452.6
230,1344,986,986,0,802700,127.901862454,802.7
230,1377,405,405,0,277300,136.936656602,277.3
230,1406,1255,1255,0,900300,146.81650013,900.3
230,1421,409,409,0,289500,150.468775944,289.5
230,1432,305,305,0,229100,155.46883137,229.1
232,765,798,798,0,538000,5.51607965741,538.0
232,779,322,322,0,225400,10.0275105833,225.4
232,783,718,718,0,505300,11.5130729537,505.3
232,791,558,558,0,449700,13.6570072407,449.7
232,798,652,652,0,478700,15.867336037,478.7
232,851,819,819,0,620300,29.9642774444,620.3
232,1041,886,886,0,654600,91.6928040833,654.6
232,1082,1196,1196,0,903100,103.703390815,903.1
232,1133,575,575,0,422700,126.008057389,422.7
232,1224,825,825,0,558300,158.794451648,558.3
232,1241,522,522,0,397900,161.916535398,397.9
232,1250,225,225,0,183300,163.920606204,183.3
232,1259,470,470,0,312200,169.575424343,312.2
232,1303,843,843,0,586700,187.684127574,586.7
232,1309,684,684,0,509800,191.922998472,509.8
232,1326,318,318,0,251500,196.611652759,251.5
232,1333,600,600,0,429300,198.911314065,429.3
232,1365,568,568,0,464700,206.952472352,464.7
232,1419,354,354,0,273500,221.744646111,273.5
232,1433,529,529,0,415500,226.659280444,415.5
232,1495,661,661,0,474500,243.797936194,474.5
232,1638,784,784,0,600600,304.472702954,600.6
232,1730,447,447,0,323800,337.865169056,323.8
232,1796,269,269,0,180400,362.69125312,180.4
240,1204,613,613,0,388800,9.82002083334,388.8
240,1282,694,694,0,521400,29.6657478333,521.4
240,1311,368,368,0,255300,36.6594374074,255.3
240,1338,807,807,0,581800,41.8721158148,581.8
240,1340,669,669,0,498200,41.9163612963,498.2
240,1358,451,451,0,303800,46.7049979444,303.8
240,1446,520,520,0,322200,69.9146462778,322.2
240,1563,240,240,0,190000,93.7868891852,190.0
240,1568,548,548,0,365800,94.7806551111,365.8
240,1600,385,385,0,312700,102.661476157,312.7
240,1906,514,514,0,229500,183.585928991,229.5
240,1949,909,909,0,413700,192.724124741,413.7
240,2393,4972,4972,0,4059200,282.655065843,4059.2
244,924,914,914,0,725000,13.5682723056,725.0
244,984,544,544,0,382500,29.4819237222,382.5
244,999,723,723,0,524100,34.7539759537,524.1
244,1019,369,369,0,507100,40.6827161574,507.1
244,1041,527,527,0,422800,43.478182963,422.8
244,1063,515,515,0,371400,50.4790173426,371.4
244,1092,1539,1539,0,1170900,58.4866897222,1170.9
244,1095,542,542,0,374800,59.4807056111,374.8
244,1103,249,249,0,226700,60.7990550741,226.7
244,1108,528,528,0,378400,61.4809215741,378.4
244,1114,1271,1271,0,1010900,62.6806051574,1010.9
244,1141,420,420,0,303800,69.7441000185,303.8
244,1156,2549,2549,0,3067200,76.6804608148,3067.2
244,1192,1058,1058,0,748900,93.7664220833,748.9
244,1278,577,577,0,401800,125.83094125,401.8
244,1306,488,488,0,363400,137.437352657,363.4
244,1323,281,281,0,200500,142.823775685,200.5
244,1325,1627,1627,0,1190900,142.901398,1190.9
244,1331,526,526,0,369700,144.436979556,369.7
246,918,596,596,0,447600,10.9956252407,447.6
246,938,889,889,0,612100,15.684934213,612.1
246,944,879,879,0,705400,17.8895036944,705.4
246,952,453,453,0,324200,18.9771686852,324.2
246,958,535,535,0,383800,20.0179163704,383.8
246,1012,257,257,0,197300,32.648123037,197.3
246,1015,570,570,0,320600,33.0939305,320.6
246,1035,370,370,0,270400,39.5635748611,270.4
246,1049,1447,1447,0,1088000,43.8757546111,1088.0
246,1054,907,907,0,607800,45.6304178981,607.8
246,1063,1058,1058,0,708100,48.818994963,708.1
246,1087,383,383,0,252400,53.6846658611,252.4
246,1145,1999,1999,0,1476400,71.4996883241,1476.4
246,1346,489,489,0,384800,135.000304565,384.8
246,1363,263,263,0,183600,141.874249028,183.6
246,1368,850,850,0,603600,142.869560463,603.6
246,1452,284,284,0,190800,164.852062852,190.8
248,1011,258,258,0,192800,34.6334135648,192.8
248,1074,494,494,0,342500,43.5344641389,342.5
248,1080,381,381,0,236800,44.9313407593,236.8
248,1081,442,442,0,313100,44.9852608426,313.1
248,1086,378,378,0,304300,46.5336897778,304.3
248,1113,402,402,0,315800,53.108015963,315.8
248,1150,676,676,0,483300,59.9033738241,483.3
248,1220,353,353,0,260900,75.4954129352,260.9
248,1222,344,344,0,234100,75.888528787,234.1
248,1234,495,495,0,361500,78.6205626667,361.5
248,1250,572,572,0,412000,81.0591339259,412.0
248,1262,228,228,0,185700,83.6304812963,185.7
248,1280,305,305,0,209700,85.9476570185,209.7
248,1304,434,434,0,316100,91.6755394259,316.1
248,1309,554,554,0,470500,92.4955638796,470.5
248,1351,455,455,0,405700,102.490094778,405.7
248,1376,277,277,0,233200,106.552944389,233.2
248,1385,522,522,0,373000,114.942125333,373.0
248,1450,264,264,0,200100,129.773715056,200.1
248,1469,1015,1015,0,740400,132.76311587,740.4
248,1475,569,569,0,414800,134.944211093,414.8
248,1555,704,704,0,585000,152.694047657,585.0
248,1568,379,379,0,283500,156.94244125,283.5
248,1606,494,494,0,408500,165.49648975,408.5
250,1313,385,385,0,314400,10.9360890648,314.4
250,1368,882,882,0,608100,19.7346732593,608.1
250,1375,564,564,0,419300,20.079699787,419.3
250,1461,548,548,0,381000,33.7346646296,381.0
250,1493,1967,1967,0,1539200,39.6021056389,1539.2
250,1504,431,431,0,314300,40.7830417222,314.3
250,1531,1512,1512,0,1023700,46.8387649722,1023.7
250,1593,312,312,0,232700,55.7162655463,232.7
250,1647,2930,2930,0,3560500,72.7830173426,3560.5
250,1690,958,958,0,686700,80.8913427963,686.7
250,1691,743,743,0,499800,80.9735443333,499.8
250,1699,2430,2430,0,2084900,82.4868677963,2084.9
250,1760,683,683,0,516200,93.0986844537,516.2
250,1761,422,422,0,279500,93.5525698704,279.5
250,1861,544,544,0,374400,121.10394112,374.4
250,1874,283,283,0,1540800,122.545675852,1540.8
250,2035,1813,1813,0,1537700,153.70356362,1537.7
250,2118,1578,1578,0,1212900,166.750553426,1212.9
250,2197,1603,1603,0,874200,181.803526583,874.2
250,2247,767,767,0,396500,187.773031306,396.5
250,2768,437,437,0,197700,298.657481778,197.7
250,2913,2406,2406,0,1454200,325.618048278,1454.2
250,3079,1457,1457,0,680900,349.543323852,680.9
250,3115,630,630,0,328900,354.868315204,328.9
255,1249,2615,2615,0,1832200,37.5315832778,1832.2
255,2142,903,903,0,1027400,232.587021639,1027.4
255,2691,887,887,0,466800,354.494199019,466.8
255,2692,837,837,0,449600,354.512133398,449.6
255,2765,657,657,0,300100,367.519105583,300.1
257,845,1175,1175,0,889900,16.9899291944,889.9
257,855,326,326,0,291200,20.8326455185,291.2
257,900,467,467,0,324700,28.8347949167,324.7
257,901,434,434,0,340500,28.9390252222,340.5
257,916,778,778,0,658200,33.9023750926,658.2
257,995,277,277,0,223400,65.7164428241,223.4
257,1051,401,401,0,284700,74.9304709352,284.7
257,1052,923,923,0,689300,75.0279640093,689.3
257,1060,418,418,0,306700,76.5971882315,306.7
257,1066,371,371,0,268400,78.7567992685,268.4
257,1071,1012,1012,0,806300,79.9874401852,806.3
257,1112,300,300,0,246800,92.6525945185,246.8
260,1111,1078,1078,0,746700,36.9768792593,746.7
260,1128,388,388,0,299900,41.8820753426,299.9
260,1136,241,241,0,212900,44.5158901574,212.9
260,1230,901,901,0,625600,76.8778599537,625.6
260,1376,675,675,0,508500,140.821727056,508.5
265,1015,641,641,0,408300,11.5410348518,408.3
265,1039,623,623,0,413200,18.5406399352,413.2
265,1056,1301,1301,0,931900,22.9246134259,931.9
265,1154,1186,1186,0,753900,44.5439321018,753.9
265,1162,1805,1805,0,1255300,45.8887847222,1255.3
265,1276,1885,1885,0,1254700,73.8802868889,1254.7
265,1288,1134,1134,0,866400,78.8765103796,866.4
265,1343,1240,1240,0,904200,94.8919192778,904.2
265,1356,1227,1227,0,931900,99.8850043333,931.9
265,1389,1467,1467,0,1151400,108.887888648,1151.4
265,1574,562,562,0,297900,172.678693491,297.9
265,1584,2274,2274,0,1147800,173.843952139,1147.8
265,1595,997,997,0,486400,176.094916389,486.4
265,1696,1611,1611,0,863200,197.889272269,863.2
265,1737,1319,1319,0,692800,212.868132037,692.8
265,1742,413,413,0,224600,213.686525907,224.6
265,1831,628,628,0,285600,236.703602333,285.6
265,1913,1191,1191,0,671300,260.877289093,671.3
265,1957,1934,1934,0,1012300,269.891815731,1012.3
265,2332,726,726,0,345700,351.501527481,345.7
265,2353,937,937,0,510900,355.675218602,510.9
265,2398,791,791,0,368300,365.488394639,368.3
265,2404,871,871,0,419800,366.511904324,419.8
265,2407,549,549,0,264600,367.506555889,264.6
267,676,626,626,0,506300,10.9438886481,506.3
267,679,794,794,0,570700,11.5222636667,570.7
267,699,788,788,0,692100,16.5302974167,692.1
267,709,1079,1079,0,738200,22.5317345648,738.2
267,748,744,744,0,539500,38.9432963333,539.5
267,764,866,866,0,646900,43.5317446204,646.9
267,766,1497,1497,0,1056400,44.5332756482,1056.4
267,773,820,820,0,609600,47.063720037,609.6
267,788,838,838,0,610300,50.9996853518,610.3
267,795,1173,1173,0,871400,52.527604537,871.4
267,843,722,722,0,491300,68.8785602593,491.3
267,865,895,895,0,644200,76.9731978796,644.2
267,867,1138,1138,0,808200,78.4845396481,808.2
267,895,790,790,0,572800,85.9467266111,572.8
267,918,930,930,0,692000,93.4801719907,692.0
267,954,593,593,0,428300,104.573378343,428.3
267,956,544,544,0,393000,104.624600528,393.0
267,973,1148,1148,0,855300,109.495614583,855.3
267,1014,831,831,0,581900,135.525252074,581.9
267,1041,993,993,0,745200,145.494359843,745.2
267,9872,737,737,0,551600,200.739721102,551.6
267,9890,1174,1174,0,945000,207.838625019,945.0
267,9909,299,299,0,240200,224.709441472,240.2
267,9937,1409,1409,0,1121300,232.812129426,1121.3
268,1131,1295,1295,0,871700,24.6334190556,871.7
268,1158,354,354,0,233800,32.5418360185,233.8
268,1164,704,704,0,470100,34.7475117963,470.1
268,1198,426,426,0,287500,44.9306296852,287.5
268,1219,335,335,0,236200,49.9911104167,236.2
268,1236,337,337,0,284700,56.2426191759,284.7
268,1263,1041,1041,0,919100,65.1646126389,919.1
268,1592,917,917,0,800000,161.552118056,800.0
268,1635,291,291,0,202800,171.020286722,202.8
268,1710,299,299,0,192500,187.788888176,192.5
268,1819,686,686,0,528900,215.044169185,528.9
268,1917,309,309,0,223300,243.937121361,223.3
268,1954,501,501,0,376000,268.943266556,376.0
268,1983,396,396,0,268000,276.535620611,268.0
268,1984,543,543,0,402200,277.57564563,402.2
268,2023,396,396,0,283800,290.604063417,283.8
268,2035,292,292,0,241100,300.65619437,241.1
268,2133,449,449,0,322100,324.704522963,322.1
268,2138,405,405,0,303300,325.702783287,303.3
268,2179,289,289,0,189000,336.485645537,189.0
268,2188,548,548,0,430600,338.616170361,430.6
268,2259,482,482,0,317800,354.697245259,317.8
268,2302,426,426,0,296400,362.705696981,296.4
268,2336,540,540,0,415500,372.591814704,415.5
270,909,262,262,0,189000,89.8193106852,189.0
270,916,312,312,0,219700,106.829583056,219.7
270,953,581,581,0,411200,121.817464963,411.2
270,966,520,520,0,399600,127.828763176,399.6
270,970,352,352,0,296800,129.860658546,296.8
270,1022,996,996,0,776800,148.856505787,776.8
270,1027,718,718,0,556400,150.833766056,556.4
270,1047,1762,1762,0,1413900,155.880118167,1413.9
270,1065,332,332,0,235000,164.912003287,235.0
270,1090,315,315,0,232800,173.469776694,232.8
270,1105,943,943,0,701800,179.850494565,701.8
270,1137,370,370,0,301000,187.807697528,301.0
270,1173,1554,1554,0,1341400,196.676122685,1341.4
270,1260,1815,1815,0,1397900,236.69540125,1397.9
270,1268,511,511,0,444900,240.918887074,444.9
270,1295,818,818,0,649600,247.863862194,649.6
271,879,493,493,0,371200,18.5184059907,371.2
271,927,575,575,0,484500,33.77930025,484.5
271,949,782,782,0,661500,41.8036443611,661.5
271,962,361,361,0,297700,45.6768834167,297.7
271,964,461,461,0,349600,46.5189058796,349.6
271,966,1019,1019,0,722800,46.9407150185,722.8
271,974,1435,1435,0,1187200,48.5570487222,1187.2
271,999,1212,1212,0,1020500,59.9994856481,1020.5
271,1047,547,547,0,434900,79.4769781759,434.9
271,1049,351,351,0,303500,80.5173885556,303.5
271,1090,499,499,0,410300,93.4773446852,410.3
271,1107,733,733,0,527000,100.475408935,527.0
271,1137,479,479,0,371300,115.475759407,371.3
271,1153,370,370,0,350200,123.474053259,350.2
271,1165,800,800,0,752200,127.956293963,752.2
271,1166,387,387,0,292800,128.476918685,292.8
271,1178,412,412,0,339100,135.474289519,339.1
271,1205,898,898,0,782900,146.762729315,782.9
271,1213,408,408,0,316700,148.473961435,316.7
271,1254,246,246,0,189800,164.470282037,189.8
273,1002,513,513,0,375800,50.7317916852,375.8
273,1030,1050,1050,0,741100,65.8823716389,741.1
273,1034,1322,1322,0,914000,66.8940906852,914.0
273,1055,985,985,0,718900,71.4999291204,718.9
273,1071,963,963,0,685300,75.5045571204,685.3
273,1077,1316,1316,0,936100,77.05678625,936.1
273,1090,835,835,0,573800,81.8769319722,573.8
273,1126,857,857,0,612200,94.8915516389,612.2
273,1154,643,643,0,453900,104.625413194,453.9
273,1162,1067,1067,0,752600,106.894150722,752.6
273,1169,786,786,0,579700,107.869497889,579.7
273,1198,867,867,0,691700,114.849094519,691.7
273,1226,648,634,0,617700,119.719922824,617.7
273,1237,1081,1068,0,1022200,122.674091065,1022.2
273,1241,1153,1153,0,816900,123.830702102,816.9
273,1246,917,917,0,656300,124.869671148,656.3
273,1250,450,435,0,529300,125.654812148,529.3
273,1310,752,752,0,535900,135.480289759,535.9
273,1313,844,844,0,628400,136.907723731,628.4
273,1318,703,703,0,519900,137.589939463,519.9
273,1325,670,670,0,493200,138.457202213,493.2
273,1379,1127,1127,0,832900,143.858658491,832.9
273,1394,320,309,0,341400,146.66906812,341.4
273,1423,896,896,0,609800,151.925203889,609.8
274,288,623,623,0,431400,95.9290780278,431.4
274,310,1146,1146,1168000,1961800,106.894150722,793.8
274,375,504,504,0,494400,142.911628194,494.4
276,896,330,330,0,272800,4.55197453704,272.8
276,931,907,907,0,658500,11.5557957963,658.5
276,936,277,277,0,217300,12.5477995463,217.3
276,981,747,747,0,517700,19.6808422037,517.7
276,986,863,863,0,643500,19.8039567315,643.5
276,1033,250,250,0,201400,28.6385302407,201.4
276,1034,259,259,0,181900,28.6690730833,181.9
276,1084,335,335,0,251200,38.5674298056,251.2
276,1227,358,358,0,253100,73.9093070093,253.1
276,1297,917,917,0,701000,88.9714038796,701.0
276,1318,272,272,0,192300,102.530433241,192.3
276,1424,308,308,0,215000,130.524558185,215.0
276,1437,408,408,0,312900,132.914867704,312.9
276,1440,327,327,0,258800,134.521424093,258.8
276,1456,307,307,0,262500,137.518166352,262.5
276,1468,1279,1279,0,996200,139.64207837,996.2
276,1499,273,273,0,215500,145.51495488,215.5
276,1516,312,312,0,230300,149.512300981,230.3
276,1533,949,949,0,694200,152.645996731,694.2
276,1579,268,268,0,203600,164.517801972,203.6
276,1986,298,298,0,205500,236.884668704,205.5
276,2026,287,287,0,203800,244.635813528,203.8
276,2036,326,326,0,221600,246.514584343,221.6
276,2041,409,409,0,330500,246.733595843,330.5
278,890,301,301,0,206900,9.74048361111,206.9
278,893,611,611,0,466700,10.0960001296,466.7
278,903,352,352,0,276000,11.8550138148,276.0
278,915,698,698,0,509400,14.6891714815,509.4
278,939,570,570,0,438000,18.7360913056,438.0
278,943,1089,1089,0,775800,20.6349208148,775.8
278,972,1546,1546,0,1167300,27.7229458056,1167.3
278,1022,1280,1280,0,940900,39.713900463,940.9
278,1038,635,635,0,503500,42.905842963,503.5
278,1052,668,668,0,495800,45.0795528704,495.8
278,1066,1633,1633,0,1225000,53.9542616111,1225.0
278,1083,1187,1187,0,855400,59.985437537,855.4
278,1089,2122,2122,0,1572200,61.0517166204,1572.2
278,1112,866,866,0,644500,67.757987713,644.5
278,1127,1154,1154,0,876500,72.0211245185,876.5
278,1184,873,873,0,638400,83.8834351852,638.4
278,1200,375,375,0,290200,86.7909556296,290.2
278,1203,689,689,0,550600,86.9204144444,550.6
278,1217,285,285,0,212900,88.7480553519,212.9
278,1232,1203,1203,0,922000,90.7301033611,922.0
278,1252,1326,1326,0,1015800,95.9146359167,1015.8
278,1354,434,434,0,482600,125.649164537,482.6
278,1631,722,722,0,488400,169.823499574,488.4
278,1650,381,381,0,196800,172.56285913,196.8
283,141,1268,1268,0,924000,19.0196856296,924.0
283,148,739,739,0,501800,22.9735268241,501.8
283,165,761,761,0,545800,30.5863916296,545.8
283,176,274,274,0,221300,32.808208463,221.3
283,179,1488,1488,0,1128400,33.0314226389,1128.4
283,217,663,663,0,499700,39.5841791759,499.7
283,223,815,815,0,645100,40.9881584352,645.1
283,314,1196,1196,0,875700,83.0024462593,875.7
283,338,1040,1040,0,842900,93.5407073796,842.9
283,391,1062,1062,0,783300,106.989046444,783.3
283,403,641,641,0,479600,109.552461361,479.6
283,425,1018,1018,0,711600,116.544909759,711.6
283,452,913,913,0,626000,133.214631176,626.0
283,453,517,517,0,368300,134.770307139,368.3
283,458,648,648,0,449500,136.600760583,449.5
283,459,1239,1239,0,1048100,136.884236037,1048.1
283,462,431,431,0,328100,137.832932176,328.1
283,497,502,502,0,356900,143.192021694,356.9
283,537,638,638,0,444900,152.73874763,444.9
283,550,645,645,0,539800,155.674636611,539.8
283,551,1119,1119,0,894300,155.890335185,894.3
283,562,1162,1162,0,970800,158.543039278,970.8
283,582,543,543,0,404700,163.820741602,404.7
283,592,636,636,0,510000,165.948754222,510.0
285,1266,268,268,0,183400,19.7634637685,183.4
285,1291,611,611,0,502300,24.5015708426,502.3
285,1293,772,772,0,629700,24.9193934259,629.7
285,1296,300,300,0,233700,25.6016855556,233.7
285,1387,2243,2243,0,1711900,46.5006110926,1711.9
285,1421,426,426,0,303200,54.0540634907,303.2
285,1464,1256,1256,0,890600,68.5139583148,890.6
285,1508,724,724,0,532400,78.5022535093,532.4
285,1527,499,499,0,367500,81.7527192315,367.5
285,1565,804,804,0,769500,88.9728301204,769.5
285,1719,750,750,0,537900,138.84683087,537.9
285,1736,413,413,0,276100,142.684239417,276.1
285,1787,1177,1177,0,880800,155.944891389,880.8
285,1802,449,449,0,328800,159.718897472,328.8
285,1813,1241,1241,0,1004600,162.892268981,1004.6
285,1814,373,373,0,258000,163.014014,258.0
285,1828,338,338,0,263800,165.738241972,263.8
285,1842,296,296,0,227800,167.953574278,227.8
289,1274,330,330,0,211700,15.8700837037,211.7
289,1325,1071,1071,0,785900,29.5428889074,785.9
289,1373,1767,1767,0,1898800,39.8754538148,1898.8
289,1380,1273,1273,0,918600,40.0093273056,918.6
289,1413,613,613,0,457500,44.8771841019,457.5
289,1418,594,594,0,420800,45.4919864074,420.8
289,1422,2025,2025,0,1605600,45.9601886389,1605.6
289,1425,3598,3598,0,3592700,46.8666518426,3592.7
289,1560,1730,1730,0,1227600,71.3681972407,1227.6
289,1579,2294,2294,0,2483500,72.7899210741,2483.5
289,1640,787,787,0,598800,79.5807947315,598.8
289,1641,785,785,0,571200,79.8751274074,571.2
289,1644,586,586,0,445400,80.8305570463,445.4
289,1759,1056,1056,0,848400,102.47050187,848.4
289,1760,722,722,0,534300,102.831793537,534.3
289,1764,718,718,0,548800,103.478052963,548.8
289,1777,435,435,0,315500,106.447910565,315.5
289,1788,1308,1308,0,1068900,108.91077675,1068.9
289,1874,2469,2469,0,1809900,127.042986611,1809.9
289,1892,2278,2278,0,1811900,129.897738315,1811.9
289,1917,2341,2341,0,2070100,134.048120315,2070.1
289,1953,1432,1432,0,1021600,139.003878731,1021.6
289,1993,1171,1171,0,846400,145.005939407,846.4
289,1997,1678,1678,0,1327000,145.046355509,1327.0
291,1238,3063,3063,0,1950000,15.7334267315,1950.0
291,1239,2441,2441,0,1922300,15.8279954074,1922.3
291,1263,449,449,0,336400,21.0141223148,336.4
291,1266,203,203,0,199100,21.6663275833,199.1
291,1280,254,254,0,193500,25.0541675278,193.5
291,1368,1512,1512,0,1210700,39.0040048518,1210.7
291,1393,531,531,0,340800,42.8216223889,340.8
291,1425,391,391,0,273300,48.619375463,273.3
291,1432,774,774,0,652700,49.6200859815,652.7
291,1530,596,596,0,411600,62.2342480741,411.6
291,1579,295,295,0,223800,70.6206396018,223.8
291,1603,616,616,0,442200,74.977574787,442.2
291,1639,870,870,0,703200,81.5262062963,703.2
291,1643,530,530,0,366100,81.8756593333,366.1
291,1644,675,675,0,485500,81.8882890926,485.5
291,1693,624,624,0,470800,89.8991342778,470.8
291,1742,480,480,0,295600,98.7811283982,295.6
291,1779,813,813,0,560700,106.553994639,560.7
291,1790,880,880,0,663400,107.995754741,663.4
291,1800,876,876,0,661100,110.419756981,661.1
291,1816,302,302,0,221700,113.030555426,221.7
291,1856,1021,1021,0,748800,124.421539185,748.8
291,1969,1133,1133,0,799400,149.542074574,799.4
291,2087,1080,1080,0,778800,165.911547213,778.8
297,199,391,391,0,307700,30.9116949074,307.7
297,211,1190,1190,0,920700,45.7214193704,920.7
297,268,391,391,0,291800,66.845702213,291.8
297,300,710,710,0,561200,114.681781491,561.2
297,350,559,559,0,497600,133.717083796,497.6
297,358,614,614,0,492400,156.842534407,492.4
299,866,1844,1844,0,1399000,12.721009537,1399.0
299,882,761,761,0,527000,15.5624954074,527.0
299,920,446,446,0,320500,29.7418867963,320.5
299,964,331,331,0,245400,40.6710968333,245.4
299,1018,965,965,0,665800,60.6943562963,665.8
299,1024,263,263,0,193800,61.7109976667,193.8
299,1060,2441,2441,0,1989400,69.6005638796,1989.4
299,1084,331,331,0,216300,76.6243447222,216.3
299,1092,722,722,0,514800,78.6429760463,514.8
299,1096,741,741,0,521700,79.5068728704,521.7
299,1134,336,336,0,231400,90.9534237222,231.4
299,1143,840,840,0,900800,93.0592694907,900.8
299,1160,1423,1423,0,1278800,97.635387,1278.8
299,1169,331,331,0,254000,101.929242009,254.0
299,1188,760,760,0,580200,108.872157463,580.2
299,1214,277,277,0,205500,117.888415472,205.5
299,1233,336,336,0,241700,120.669777444,241.7
299,1234,642,642,0,459600,120.934462139,459.6
299,1243,654,654,0,474800,124.626429102,474.8
299,1245,454,454,0,341600,124.972627778,341.6
299,1267,339,339,0,252600,129.62665438,252.6
299,1287,740,740,0,549500,137.599295926,549.5
299,1290,850,850,0,583500,138.684145667,583.5
299,1295,291,291,0,228600,139.879816907,228.6
300,300,441,441,0,288300,205.607541722,288.3
300,437,655,655,0,339400,229.846540972,339.4
300,453,659,659,0,361700,235.727711056,361.7
307,905,350,350,0,261700,16.6046574259,261.7
307,948,329,329,0,251100,30.6068406481,251.1
307,954,700,700,0,583700,32.7915176019,583.7
307,999,665,665,0,467000,43.764287713,467.0
307,1004,641,641,0,457400,46.023743,457.4
307,1008,592,592,0,460600,46.8005767963,460.6
307,1020,303,303,0,246700,50.7798798704,246.7
307,1033,857,857,0,573900,52.6419515926,573.9
307,1034,502,502,0,356700,52.6729792037,356.7
307,1036,832,832,0,581500,52.7016502963,581.5
307,1037,1008,1008,0,703500,52.7174996481,703.5
307,1078,285,285,0,257800,67.5211431111,257.8
307,1082,347,347,0,230500,68.7857063889,230.5
307,1083,529,529,0,394800,68.7958684259,394.8
307,1086,846,846,0,575600,68.8367982963,575.6
307,1087,462,462,0,313800,68.8510014352,313.8
307,1113,937,937,0,626300,79.0705787222,626.3
307,1154,288,288,0,252400,91.8424237593,252.4
307,1159,418,418,0,330200,93.6554058796,330.2
307,1224,248,248,0,181500,120.092517046,181.5
307,1227,312,312,0,209900,121.669983083,209.9
307,1249,261,261,0,186400,132.73227287,186.4
307,1269,282,282,0,213400,139.859747259,213.4
307,1273,525,525,0,446400,139.894892602,446.4
308,1065,661,661,0,477600,7.04382614815,477.6
308,1164,944,944,0,686200,28.0922739722,686.2
308,1233,771,771,0,549400,38.1351297778,549.4
308,1234,991,991,0,694200,38.5513276759,694.2
308,1266,752,752,0,574700,46.5453926019,574.7
308,1280,2387,2387,0,1807900,49.8924326111,1807.9
308,1338,523,523,0,379500,61.7743230833,379.5
308,1354,782,782,0,553300,64.2715684722,553.3
308,1359,1249,1249,0,1046500,65.9066247778,1046.5
308,1376,615,615,0,454100,68.0887726852,454.1
308,1377,684,684,0,530500,68.5737034259,530.5
308,1394,877,877,0,678700,72.1127752963,678.7
308,1407,1979,1979,0,1679700,75.5236181111,1679.7
308,1431,1268,1268,0,884300,81.8915300556,884.3
308,1444,1645,1645,0,1281900,84.9724886296,1281.9
308,1458,365,365,0,271700,88.9020014352,271.7
308,1476,449,449,0,326900,91.973009537,326.9
308,1487,807,807,0,627600,93.9102855093,627.6
308,1488,1012,1012,0,744700,94.0306911204,744.7
308,1521,328,328,0,221100,99.8675951852,221.1
308,1525,905,905,0,804600,100.515546315,804.6
308,1527,511,511,0,376400,101.548593991,376.4
308,1529,2332,2332,0,1866900,101.927495296,1866.9
308,1537,1882,1882,0,1402900,104.649647815,1402.9
312,792,1300,1300,0,1043300,14.07804075,1043.3
312,806,459,459,0,316900,16.1634447778,316.9
312,807,168,168,0,424900,16.5544321389,424.9
312,826,909,909,0,641800,20.075252,641.8
312,840,1764,1764,0,1465900,23.9619122037,1465.9
312,844,482,482,0,406100,24.77134825,406.1
312,848,635,635,0,503800,30.5612217963,503.8
312,877,807,807,0,660400,38.7996478519,660.4
312,880,956,956,0,771200,39.0028409722,771.2
312,886,821,821,0,678200,40.6505032315,678.2
312,896,415,415,0,319500,42.69747575,319.5
312,898,393,393,0,302000,42.8662547778,302.0
312,903,884,884,0,753800,44.6985220833,753.8
313,912,2354,2354,0,1718900,12.88438525,1718.9
313,1008,612,612,0,423100,33.7560111481,423.1
313,1043,1496,1496,0,1232900,40.8067213241,1232.9
313,1158,378,378,0,257500,61.7725048518,257.5
313,1296,713,713,0,508600,97.625004537,508.6
313,1351,299,299,0,217400,114.802332472,217.4
313,1497,369,369,0,273200,157.78947838,273.2
313,1521,1295,1295,0,921600,164.642471759,921.6
319,822,1250,1250,0,1000300,39.9262619259,1000.3
319,846,866,866,0,610300,44.5501535648,610.3
319,867,328,328,0,266300,49.8613364537,266.3
319,875,498,498,0,380300,51.5361947778,380.3
319,925,174,174,0,196200,65.6565842685,196.2
319,963,254,254,0,223100,75.4937790093,223.1
319,987,328,328,0,260300,80.5013157315,260.3
319,1031,733,733,0,520700,90.6728260556,520.7
319,1052,523,523,0,382300,96.5038738611,382.3
319,1082,558,558,0,405900,102.562582028,405.9
319,1208,1263,1263,0,1048900,138.701645444,1048.9
319,1218,456,456,0,311200,141.504518759,311.2
319,1238,409,409,0,307200,145.48709687,307.2
319,1345,750,750,0,376300,171.618644935,376.3
319,1366,990,990,0,573600,175.773594463,573.6
319,1381,509,509,0,296300,179.869836583,296.3
319,1406,594,594,0,324300,193.515940898,324.3
319,1461,1160,1160,0,633900,206.700934176,633.9
319,1668,1045,1045,0,557800,251.91479288,557.8
319,1721,1383,1383,0,794500,265.614893574,794.5
319,1723,1016,1016,0,583000,265.690036157,583.0
319,1730,462,462,0,265900,266.890982843,265.9
319,1875,469,469,0,229800,298.777692241,229.8
319,2061,419,419,0,281200,358.724063417,281.2
324,1159,638,638,0,469400,18.6972535833,469.4
324,1183,639,639,0,466200,23.6146503519,466.2
324,1208,561,561,0,414900,30.5986066111,414.9
324,1209,503,503,0,362900,30.615319463,362.9
324,1213,1531,1531,0,1022000,30.9241965741,1022.0
324,1220,366,366,0,256200,32.8325568056,256.2
324,1243,460,460,0,296100,37.7401375648,296.1
324,1329,771,771,0,634200,52.8497511759,634.2
324,1434,605,605,0,476800,72.8623414537,476.8
324,1744,391,391,0,295700,137.661639315,295.7
324,2029,1350,1350,0,689100,191.890438435,689.1
324,2089,881,881,0,477600,205.68846225,477.6
324,2123,794,794,0,406400,210.694759972,406.4
324,2292,665,665,0,309200,240.721975398,309.2
324,2394,841,841,0,486000,259.695157407,486.0
324,2398,358,358,0,196800,261.025009593,196.8
324,2431,951,951,0,561400,267.581897907,561.4
324,2542,811,811,0,476900,285.886045981,476.9
324,2560,347,347,0,201000,288.831941759,201.0
324,2598,1033,1033,0,552800,295.686593269,552.8
324,2636,1017,1017,0,529600,301.681243167,529.6
324,2683,2202,2202,0,1393800,308.904460407,1393.8
324,2710,1477,1477,0,905400,313.90365987,905.4
324,3009,471,471,0,245700,366.567602528,245.7
337,718,730,730,0,505400,17.5341634722,505.4
337,722,440,440,0,299300,18.4949907222,299.3
337,726,2233,2233,0,4669100,19.7122275093,4669.1
337,731,643,643,0,475900,22.4791690185,475.9
337,732,654,654,0,528400,22.9098178982,528.4
337,747,732,732,0,563100,30.9035155278,563.1
337,775,871,871,0,633600,37.5219378519,633.6
337,785,941,941,0,653900,40.5122801296,653.9
337,800,1091,1091,0,832800,44.900295287,832.8
337,802,679,679,0,559500,45.8316594259,559.5
337,808,469,469,0,338800,47.5030223981,338.8
337,850,722,722,0,567000,63.7094794074,567.0
337,861,1431,1431,0,1068600,66.9156412222,1068.6
337,893,2402,2402,0,1988800,74.8641283426,1988.8
337,911,586,586,0,422900,80.4870542685,422.9
337,914,534,534,0,398000,81.4665409907,398.0
337,916,941,941,0,695800,82.4731408333,695.8
337,917,602,602,0,419700,82.896632037,419.7
337,931,705,705,0,506600,85.4463817037,506.6
337,1029,388,388,0,281100,114.802964213,281.1
337,1030,494,494,0,336600,115.503157074,336.6
337,1061,850,850,0,646100,126.945780954,646.1
337,1073,447,447,0,321900,130.532757185,321.9
337,1120,442,442,0,335600,144.875398333,335.6
340,832,1373,1373,0,1014000,14.699130037,1014.0
340,836,993,993,0,739000,15.8777898519,739.0
340,844,1580,1580,0,1262400,18.7028259815,1262.4
340,874,453,453,0,340900,31.6227161204,340.9
340,897,1162,1162,0,881500,36.8790764444,881.5
340,974,226,226,0,198100,53.9579047222,198.1
340,1018,465,465,0,370000,66.5777330093,370.0
340,1030,294,294,0,251200,69.6243806019,251.2
340,1036,395,395,0,286300,71.6558713611,286.3
340,1043,440,440,0,293300,73.585546463,293.3
340,1059,1748,1748,0,1350700,81.7378048056,1350.7
340,1060,488,488,0,348700,82.5843785278,348.7
340,1075,368,368,0,289000,87.5818856944,289.0
340,1239,580,580,0,461600,129.734229204,461.6
340,1241,554,554,0,411500,129.758780407,411.5
340,1284,449,449,0,350600,152.58632137,350.6
340,1307,421,421,0,320800,160.713850806,320.8
340,1397,590,590,0,331500,180.580015083,331.5
340,1407,608,608,0,312000,183.583002722,312.0
340,1485,542,542,0,296700,195.780671519,296.7
340,1544,598,598,0,327700,208.585945176,327.7
340,1654,537,537,0,337000,232.76585325,337.0
340,1691,1714,1714,0,1062700,240.904973861,1062.7
340,1693,662,662,0,367700,241.582876065,367.7
345,914,331,331,0,230600,23.6643403889,230.6
345,933,676,676,0,489800,29.9424743519,489.8
345,942,487,487,0,363100,31.0061864537,363.1
345,947,451,451,0,355200,31.718332213,355.2
345,967,345,345,0,257300,48.787892787,257.3
345,1013,708,708,0,558400,60.9103878796,558.4
345,1074,370,370,0,266000,79.6665058241,266.0
345,1166,285,285,0,222800,100.813895102,222.8
345,1261,889,889,0,680400,136.879754315,680.4
345,1275,753,753,0,507200,139.878831111,507.2
345,1283,1052,1052,0,787500,141.882157833,787.5
345,1287,327,327,0,233700,142.686171704,233.7
359,1757,440,440,0,338100,10.9105490185,338.1
359,1759,781,781,0,613700,11.0044439815,613.7
359,1769,1619,1619,0,1135900,11.8647623981,1135.9
359,1795,314,314,0,248400,14.1209750185,248.4
359,1811,747,747,0,503100,15.9304471852,503.1
359,1823,438,438,0,360000,17.9100338056,360.0
359,1854,1413,1413,0,973100,20.6871583981,973.1
359,1868,1243,1243,0,856500,22.5670780093,856.5
359,1959,1193,1193,0,997900,31.9803764167,997.9
359,1960,736,736,0,534300,32.0039758426,534.3
359,1977,856,856,0,2069900,33.9369001667,2069.9
359,1993,1585,1585,0,1210600,35.1440988611,1210.6
359,2075,1210,1210,0,887200,43.5693650093,887.2
359,2087,5190,5188,0,4812000,45.7400148426,4812.0
359,2103,1299,1299,0,1232900,48.7359453241,1232.9
359,2123,1282,1282,0,889200,50.7448626019,889.2
359,2148,1165,1165,0,974700,54.6335612685,974.7
359,2197,443,443,0,337500,59.893146037,337.5
359,2251,1912,1912,0,1555200,65.4634101296,1555.2
359,2283,2478,2478,0,1781800,70.5960397407,1781.8
359,2359,576,576,0,464900,80.7074653519,464.9
359,2362,484,484,0,332200,80.8734848796,332.2
359,2416,1953,1953,0,1455000,205.889939778,1455.0
359,2417,2558,2558,0,1885500,205.916656583,1885.5
366,1439,358,358,0,246400,19.0714983981,246.4
366,1455,899,899,0,632800,22.6668646574,632.8
366,1513,935,935,0,690700,32.91022375,690.7
366,1643,872,872,0,593300,72.7447426852,593.3
366,1777,270,270,0,180700,104.919221963,180.7
366,1854,867,867,0,591100,124.703834694,591.1
366,1902,501,501,0,337200,135.888821083,337.2
366,2114,399,399,0,214300,174.226709324,214.3
366,2137,417,417,0,185600,176.890882167,185.6
366,2163,528,528,0,242800,178.852227565,242.8
366,2200,397,397,0,248200,185.011475454,248.2
366,2217,480,480,0,336000,187.703823194,336.0
366,2232,1077,1077,0,764000,190.582318769,764.0
366,2277,569,569,0,477400,195.746258046,477.4
366,2290,592,592,0,420300,199.70455137,420.3
366,2542,1098,1098,0,566400,237.84905425,566.4
366,2558,585,585,0,273600,240.74543787,273.6
366,2629,1523,1523,0,743900,250.656085704,743.9
366,2794,2067,2067,0,1041200,269.657493241,1041.2
366,2963,721,721,0,366900,297.794316944,366.9
366,2968,549,549,0,255300,298.074988815,255.3
366,2979,682,682,0,349300,299.622750935,349.3
366,3121,1182,1182,0,547700,332.783277537,547.7
366,3170,1286,1286,0,712700,343.045007037,712.7
367,946,268,268,0,181200,2.85089425,181.2
367,958,491,491,0,342900,4.5460857963,342.9
367,990,610,610,0,422800,10.5435176574,422.8
367,996,373,373,0,290800,11.5954246944,290.8
367,1099,279,279,0,201900,30.9004475833,201.9
367,1159,445,445,0,330200,50.9335731389,330.2
367,1176,281,281,0,232600,53.7662591296,232.6
367,1322,278,278,0,242900,85.6399884074,242.9
367,1430,1093,1093,0,806400,107.497436398,806.4
367,1505,360,360,0,248400,124.872584157,248.4
367,1508,756,756,0,585900,124.963962083,585.9
367,1513,744,744,0,563700,125.661876269,563.7
367,1521,458,458,0,319900,127.03507663,319.9
367,1534,892,892,0,650400,129.499106426,650.4
367,1556,1123,1123,0,816700,135.500991019,816.7
367,10705,452,452,0,366300,199.738087065,366.3
367,10736,494,494,0,347500,207.748844028,347.5
367,10740,349,349,0,285700,208.501097704,285.7
367,10756,982,982,0,724800,211.06650037,724.8
367,10786,377,377,0,288200,216.682263139,288.2
367,10834,471,471,0,329100,222.675632352,329.1
367,10867,893,893,0,736300,227.846730213,736.3
367,10870,378,378,0,256600,228.507181602,256.6
367,10875,404,404,0,305200,228.877801824,305.2
370,1435,823,823,0,565200,16.9557835463,565.2
370,1442,779,779,0,525400,17.6369776759,525.4
370,1453,524,524,0,374200,18.6489216852,374.2
370,1475,747,747,0,493400,20.901914463,493.4
370,1494,604,604,0,396800,23.0847269444,396.8
370,1540,411,411,0,236300,31.2135277037,236.3
370,1593,963,963,0,649300,36.6266472315,649.3
370,1601,269,269,0,180500,37.6651726574,180.5
370,1638,758,758,0,510100,41.0400556296,510.1
370,1755,662,662,0,486500,60.6375890278,486.5
370,1759,1182,1182,0,865500,61.6151026759,865.5
370,1775,859,859,0,574300,64.6501699167,574.3
370,1870,656,656,0,476500,81.5678124815,476.5
370,1871,517,517,0,370000,81.6512741389,370.0
370,1912,588,588,0,449600,88.6246014074,449.6
370,1937,1630,1630,0,1235400,92.5132793981,1235.4
370,1959,458,458,0,362300,95.6543082778,362.3
370,2053,558,558,0,419700,109.65450687,419.7
370,2072,352,352,0,243500,114.916036704,243.5
370,2181,375,375,0,278200,131.181150185,278.2
370,2324,1312,1312,0,909800,157.792623972,909.8
370,2363,1005,1005,0,713900,163.534035954,713.9
370,2431,984,984,0,558200,172.938310407,558.2
370,2451,2667,2667,0,1382200,176.569030935,1382.2
400,469,414,414,0,302200,7.76276928704,302.2
400,548,515,515,0,385400,24.636408787,385.4
400,557,404,404,0,297700,26.9727306389,297.7
400,572,658,658,0,487200,34.9291965741,487.2
400,602,433,433,0,298600,45.6590371852,298.6
400,619,542,542,0,386300,52.919743787,386.3
400,635,521,521,0,439000,59.9022848704,439.0
400,645,300,300,0,226600,64.1916503889,226.6
400,650,817,817,0,666100,66.7417708704,666.1
400,652,638,638,0,463000,66.8734705833,463.0
400,676,563,563,0,406500,73.7837412222,406.5
400,690,506,506,0,382300,76.7909884815,382.3
400,728,376,376,0,270400,86.7806863796,270.4
400,742,461,461,0,325800,90.964410787,325.8
400,743,463,463,0,342700,91.0627214537,342.7
400,758,527,527,0,450700,94.7835615278,450.7
400,772,576,576,0,447400,97.8322249259,447.4
400,789,294,294,0,238400,102.722985343,238.4
400,796,776,776,0,568200,104.716799111,568.2
400,818,800,800,0,623800,114.699797583,623.8
400,830,295,295,0,211700,121.617410037,211.7
400,842,738,738,0,529200,124.613468713,529.2
400,866,551,551,0,396000,128.823436065,396.0
400,915,1433,1433,0,1107300,142.695132731,1107.3
413,729,361,361,0,251500,9.83721951851,251.5
413,731,696,696,0,508800,9.90590698148,508.8
413,750,859,859,0,590400,14.8680106944,590.4
413,961,352,352,0,269700,67.8656158333,269.7
413,966,459,459,0,341700,68.9457710556,341.7
413,998,544,544,0,401900,83.9685511852,401.9
413,1000,982,982,0,753800,84.1447880278,753.8
413,1011,358,358,0,253900,86.9635513889,253.9
413,1018,980,980,0,713400,89.5350958982,713.4
413,1019,670,670,0,491000,89.7986401204,491.0
413,1028,689,689,0,498700,91.3984298611,498.7
413,1034,1126,1126,0,840200,92.6038325278,840.2
413,1054,308,308,0,272200,97.6738423333,272.2
413,1068,825,825,0,624400,100.573873056,624.4
413,1080,900,900,0,672700,102.539040657,672.7
413,1569,269,269,0,188700,220.994448157,188.7
413,1570,918,918,0,694200,221.144740426,694.2
413,1584,523,523,0,433700,222.645930685,433.7
414,468,1039,1039,0,786700,13.6608637037,786.7
414,496,666,666,0,528800,22.0417312407,528.8
414,509,3233,3233,0,2567500,24.8942432593,2567.5
415,759,612,612,0,454900,15.9448402222,454.9
415,793,599,599,0,486800,23.4942720093,486.8
415,1037,604,604,0,428400,63.9096194722,428.4
415,1139,623,623,0,531400,82.8530488704,531.4
415,1537,379,379,0,296700,162.453263796,296.7
415,1618,714,714,0,654200,174.941816889,654.2
415,1633,642,642,0,451500,178.067541278,451.5
415,1687,471,471,0,361700,184.813742648,361.7
415,1745,548,548,0,433600,192.08663512,433.6
415,1782,489,489,0,385200,197.820544,385.2
415,1785,242,242,0,192200,197.90061275,192.2
415,1799,732,732,0,555600,200.45507312,555.6
415,1828,475,475,0,366600,205.8140625,366.6
415,1915,949,949,0,764400,228.916386685,764.4
415,1989,2205,2205,0,2220100,244.210168796,2220.1
415,2031,355,355,0,293900,250.446102769,293.9
415,2033,442,442,0,345200,250.841362528,345.2
415,2091,458,458,0,395800,259.903440917,395.8
415,2093,616,616,0,503500,260.450445917,503.5
415,2097,3578,3578,0,3020200,260.891741843,3020.2
415,2122,2831,2831,0,2780600,265.140011389,2780.6
415,2377,959,959,0,779600,311.87951163,779.6
415,2412,426,426,0,345700,317.900132602,345.7
415,2418,760,760,0,557300,318.838030991,557.3
416,741,475,475,0,274000,12.8392457222,274.0
416,771,669,669,0,490900,16.6413783426,490.9
416,794,341,341,0,233300,21.7122513426,233.3
416,804,1210,1210,0,820200,22.9106468426,820.2
416,814,814,814,0,536800,23.8839965648,536.8
416,827,534,534,0,342200,30.7697879537,342.2
416,844,641,641,0,462900,38.8025342778,462.9
416,853,501,501,0,347200,41.7791653426,347.2
416,862,412,412,0,265500,44.8715973148,265.5
416,887,378,378,0,270800,70.9891353056,270.8
416,952,845,845,0,613000,93.5075262685,613.0
416,955,311,311,0,199600,94.5134266019,199.6
416,963,733,733,0,551500,95.0708722037,551.5
416,966,584,584,0,416000,96.0256022963,416.0
416,1010,881,881,0,778000,110.98831037,778.0
416,1023,1349,1349,0,986900,115.73709412,986.9
416,1086,610,610,0,400200,132.702705065,400.2
416,1097,504,504,0,359100,138.047466917,359.1
416,1107,606,606,0,413800,141.809101463,413.8
416,1152,316,316,0,220400,157.616520009,220.4
416,1159,1034,1034,0,709200,160.092757769,709.2
416,1165,463,463,0,321000,162.183938324,321.0
416,1217,711,711,0,338400,172.916169769,338.4
416,1223,804,804,0,427200,173.803605528,427.2
429,654,627,627,0,457800,41.009398,457.8
429,786,435,435,0,307900,63.0097962593,307.9
429,808,738,730,0,676200,66.895780463,676.2
429,809,378,378,0,260300,66.9715404537,260.3
429,896,471,471,0,340800,87.9650910278,340.8
429,1015,747,747,0,540800,124.968311787,540.8
429,1115,635,635,0,464900,142.550523824,464.9
429,1125,928,928,0,654400,143.969402407,654.4
429,1146,356,356,0,229600,149.877262528,229.6
429,1162,368,368,0,233900,152.876083704,233.9
429,1326,660,660,0,368500,207.03393487,368.5
429,1345,654,654,0,375900,211.934560296,375.9
429,1500,2606,2606,0,2064500,244.586291204,2064.5
429,1503,2638,2638,0,1245600,244.954969741,1245.6
429,1504,1236,1236,0,662200,245.063733926,662.2
429,1565,1296,1296,0,691000,272.95796175,691.0
429,1574,689,689,0,307900,275.682760676,307.9
429,1614,1410,1410,0,758800,299.911604426,758.8
429,1669,897,897,0,511800,326.836949278,511.8
429,1788,1630,1630,0,769900,342.890613648,769.9
429,1804,595,595,0,338000,343.691524806,338.0
429,1966,1828,1828,0,983700,361.882461,983.7
429,1972,1017,1017,0,489400,362.563975954,489.4
429,2023,1763,1763,0,874700,370.864894472,874.7
433,724,728,728,0,555200,16.7697455556,555.2
433,779,485,485,0,381200,27.8039571019,381.2
433,976,1220,1220,0,881500,69.6739664352,881.5
433,1104,495,495,0,384800,103.852830046,384.8
433,1122,736,736,0,561400,109.733409889,561.4
433,1171,558,558,0,427700,122.813062648,427.7
433,1347,369,369,0,256500,168.883145537,256.5
433,1494,507,507,0,327200,205.979435278,327.2
433,1611,286,286,0,226100,240.840551713,226.1
433,1636,1081,1081,0,553800,255.744194148,553.8
433,1737,977,977,0,521700,279.767022435,521.7
433,1805,573,573,0,284200,297.807617648,284.2
433,1925,2087,2087,0,1093500,331.941250315,1093.5
459,965,1639,1639,0,1130500,45.5634273981,1130.5
459,980,1529,1529,0,1119800,50.5691288241,1119.8
459,983,1675,1675,0,1127800,51.5686738333,1127.8
459,991,263,263,0,180800,53.7882226667,180.8
459,1084,1871,1871,0,1396900,82.5275188889,1396.9
459,1234,272,272,0,201100,130.681911722,201.1
459,1321,678,678,0,380200,158.704782111,380.2
459,1344,797,797,0,365200,165.523576352,365.2
459,1346,443,443,0,194200,165.910963204,194.2
459,1442,1856,1856,0,951000,190.538151824,951.0
459,1494,1629,1629,0,827900,202.6674675,827.9
459,1522,1214,1214,0,640500,208.954147139,640.5
459,1532,2323,2323,0,1157400,212.529320157,1157.4
459,1597,1490,1490,0,776300,226.933327454,776.3
459,1679,1454,1454,0,806600,241.554618167,806.6
459,1694,431,431,0,236600,246.545041315,236.6
459,1720,1213,1213,0,588000,254.538274306,588.0
459,1762,779,779,0,368800,263.556115481,368.8
459,1830,651,651,0,307100,278.559123093,307.1
459,1855,698,698,0,337600,283.555929417,337.6
459,1936,1610,1610,0,836200,305.599321102,836.2
459,2074,1116,1116,0,586200,333.563936157,586.2
459,2082,1380,1380,0,679000,336.753684324,679.0
459,2187,549,549,0,278100,359.998340759,278.1
461,195,1032,1032,0,488200,267.998684741,488.2
461,210,1002,1002,0,552400,271.852735907,552.4
461,220,828,828,0,420100,273.789570269,420.1
461,246,1272,1272,0,687100,279.92506213,687.1
461,247,1259,1259,0,656400,279.994041574,656.4
461,252,1277,1277,0,665600,281.011662787,665.6
461,332,558,558,0,338400,296.599990519,338.4
461,383,1002,1002,0,506700,302.702846343,506.7
461,393,1098,1098,0,641400,308.649664426,641.4
462,1072,806,806,0,622100,81.9166065926,622.1
462,1079,322,322,0,522600,82.879299037,522.6
462,1083,932,932,0,722900,83.6338772222,722.9
462,1087,830,830,0,649600,83.8796829074,649.6
462,1104,204,204,0,195400,88.8765693148,195.4
462,1129,1158,1158,0,860700,93.9430243796,860.7
462,1136,667,667,0,475900,95.6934248981,475.9
462,1162,319,319,0,255500,100.987958648,255.5
462,1163,436,436,0,343100,101.031399657,343.1
462,1173,389,389,0,324800,103.030405204,324.8
462,1177,743,743,0,540200,104.655460278,540.2
462,1185,629,629,0,441200,106.949079,441.2
462,1222,1289,1289,0,959600,122.026028278,959.6
462,1236,367,367,0,269700,125.566616843,269.7
462,1276,859,859,0,584900,133.805430685,584.9
462,1305,820,820,0,601300,140.075270963,601.3
462,1306,849,849,0,700400,140.577105602,700.4
462,1336,750,750,0,536700,146.796022852,536.7
462,1363,1219,1219,0,866300,152.030099407,866.3
462,1371,1124,1124,0,1086700,153.507693602,1086.7
462,1375,653,653,0,514500,153.632650019,514.5
462,1401,891,891,0,712500,159.901373991,712.5
462,1409,425,425,0,310800,161.840099537,310.8
462,1418,1788,1788,0,1430000,164.060197056,1430.0
463,526,280,280,0,199500,12.766654287,199.5
463,534,1082,1082,0,765700,14.02874925,765.7
463,535,792,792,0,572300,14.1544159352,572.3
463,540,342,342,0,228900,23.702171037,228.9
463,563,326,326,0,219000,27.8949190926,219.0
463,564,302,302,0,207800,27.9105972593,207.8
463,576,809,809,0,561100,158.653541611,561.1
463,584,250,250,0,184600,160.943775759,184.6
463,585,747,747,0,551700,161.628166741,551.7
463,596,545,545,0,380200,163.634016519,380.2
463,600,629,629,0,440100,163.739696722,440.1
463,605,1300,1300,0,943200,164.788659537,943.2
463,608,767,767,0,588900,165.003538213,588.9
463,609,1551,1551,0,1177600,165.630429694,1177.6
463,615,529,529,0,282100,185.744305778,282.1
463,631,2464,2464,0,1350800,200.647236463,1350.8
463,658,442,442,0,197600,213.877637731,197.6
463,664,458,458,0,204800,215.642206991,204.8
463,691,673,673,0,305300,221.700753639,305.3
463,693,318,318,0,185700,222.717380898,185.7
463,699,4692,4692,0,2582900,224.617290287,2582.9
463,701,1790,1790,0,886100,225.110502537,886.1
463,730,1952,1952,0,1071600,235.889301407,1071.6
463,733,425,425,0,202000,241.661975787,202.0
465,762,514,514,0,377100,8.25593402777,377.1
465,785,405,405,0,284300,12.5900440741,284.3
465,813,423,423,0,301000,16.9535890463,301.0
465,831,550,550,0,388300,19.2315027593,388.3
465,959,608,608,0,515100,42.9230590093,515.1
465,965,194,194,0,191300,43.7138980185,191.3
465,1035,1799,1799,0,1426200,58.6419875833,1426.2
465,1048,594,594,0,478700,60.89136675,478.7
465,1242,675,675,0,463600,102.022466565,463.6
465,1244,2422,2422,0,2246000,102.909092463,2246.0
465,1257,753,753,0,529400,104.974139352,529.4
465,1545,986,986,0,749700,155.887382352,749.7
465,1622,2301,2301,0,2013400,165.528551222,2013.4
465,1647,2447,2447,0,1949000,169.528724926,1949.0
465,1678,3305,3305,0,1925800,173.532884204,1925.8
465,1703,1484,1484,0,703600,176.614523241,703.6
465,1829,2211,2211,0,1063000,191.90386912,1063.0
465,2110,1105,1105,0,548400,274.892633583,548.4
465,2192,1079,1079,0,493500,285.79002225,493.5
465,2240,1258,1258,0,676900,298.885092333,676.9
465,2281,834,834,0,453000,307.565454435,453.0
465,2296,2049,2049,0,1156100,311.881966824,1156.1
465,2308,514,514,0,264400,316.741646898,264.4
465,2339,2177,2177,0,1048300,323.888456676,1048.3
466,572,407,407,0,284500,10.7395968518,284.5
466,620,643,643,0,470300,24.8119089537,470.3
466,638,261,261,0,187100,27.8780206481,187.1
466,639,654,654,0,484600,28.1751192685,484.6
466,683,492,492,0,390300,41.8080253333,390.3
466,692,731,731,0,493900,44.574300537,493.9
466,703,544,544,0,431100,45.9577878611,431.1
466,717,1316,1316,0,943300,49.1276784074,943.3
466,736,556,556,0,373900,52.8571988519,373.9
466,756,254,254,0,195000,56.9650773056,195.0
466,758,367,367,0,251100,57.6725314907,251.1
466,762,537,537,0,374500,58.1122004722,374.5
466,764,520,514,0,400900,58.5487315556,400.9
466,770,234,234,0,209200,59.6538707963,209.2
466,815,812,812,0,602700,72.5243046389,602.7
466,951,276,276,0,201300,100.111905407,201.3
466,958,1025,1025,0,860000,100.914807685,860.0
466,959,502,502,0,383700,101.030075944,383.7
466,1008,1109,1109,0,1085400,108.537213731,1085.4
466,1009,1307,1307,0,1288400,108.702278491,1288.4
466,1031,362,362,0,266900,114.985191852,266.9
466,1115,965,965,0,661500,137.947001528,661.5
472,974,468,468,0,294800,18.7027196111,294.8
472,1092,775,775,0,522700,36.7831564722,522.7
472,1186,1344,1344,0,858900,51.5935768148,858.9
472,1187,345,345,0,258500,51.7587324907,258.5
472,1343,653,653,0,432300,81.6790570648,432.3
472,1463,325,325,0,221100,101.949467111,221.1
472,1634,692,692,0,520100,134.843781102,520.1
472,1650,1154,1154,0,845700,137.734601722,845.7
472,1654,450,450,0,329300,137.963192037,329.3
472,1687,516,516,0,349900,142.522981741,349.9
472,1769,1702,1702,0,1114900,157.597771241,1114.9
472,1770,561,561,0,407400,157.623888778,407.4
472,1783,340,340,0,267600,159.565254481,267.6
472,1808,799,799,0,541900,163.524168065,541.9
472,1895,576,576,0,282600,173.879882843,282.6
472,2240,686,686,0,403900,236.871048296,403.9
472,2389,865,865,0,443300,261.524223639,443.3
472,2395,1189,1189,0,663400,262.72677162,663.4
472,2433,712,712,0,372100,268.564817537,372.1
472,2467,1284,1284,0,642900,275.534983648,642.9
472,2563,1132,1132,0,609300,291.519341861,609.3
472,2651,702,702,0,320900,310.661260009,320.9
472,2764,987,987,0,521800,330.867895759,521.8
472,2997,1424,1424,0,737100,368.59080813,737.1
473,1160,811,811,0,698900,190.680591324,698.9
473,1268,291,291,0,219500,210.776455907,219.5
473,1360,320,320,0,251600,234.625393981,251.6
473,1362,283,283,0,204200,234.688338769,204.2
478,1154,1552,1552,0,1201800,19.90232275,1201.8
478,1468,416,416,0,326200,63.8651315926,326.2
478,1503,682,682,0,520800,69.5502599352,520.8
478,1538,621,621,0,471500,74.5894383241,471.5
478,1565,303,303,0,231400,79.4943146667,231.4
478,1668,427,427,0,345700,93.6640770648,345.7
478,1773,1070,1070,0,928200,107.591109657,928.2
478,1904,302,302,0,249100,127.491694907,249.1
478,2047,370,370,0,263900,146.875636444,263.9
478,2052,294,294,0,230600,148.491999852,230.6
478,2110,530,530,0,407700,154.659449222,407.7
478,2159,299,299,0,240900,161.545837287,240.9
478,2274,1373,1373,0,1035000,173.900014037,1035.0
478,2438,469,469,0,364000,196.661606556,364.0
478,2448,780,780,0,584300,198.586049324,584.3
478,2483,1281,1281,0,965800,201.858925815,965.8
478,2506,876,876,0,674500,205.605425667,674.5
478,2565,435,435,0,377400,213.491525222,377.4
478,2776,464,464,0,377600,239.575569074,377.6
478,2830,392,392,0,278700,246.587942898,278.7
478,2859,1309,1309,0,1084000,251.593171185,1084.0
478,2923,396,396,0,304600,259.532775741,304.6
478,2925,938,938,0,755700,259.591369213,755.7
478,3104,368,368,0,303300,285.609332102,303.3
480,461,2632,2632,0,2023900,10.8113950278,2023.9
480,469,1454,1454,0,1112600,10.894364213,1112.6
480,481,614,614,0,465000,15.5650293981,465.0
480,511,782,782,0,571600,23.8184052407,571.6
480,529,672,672,0,511100,31.8246789537,511.1
480,546,907,907,0,636700,34.7992140833,636.7
480,551,539,539,0,376300,36.9436789352,376.3
480,559,1186,1186,0,862900,38.8248156204,862.9
480,560,239,239,0,224700,38.843247963,224.7
480,567,1396,1396,0,996900,38.889371287,996.9
480,572,957,957,0,708500,38.9938771296,708.5
480,574,580,580,0,556000,39.0573209722,556.0
480,587,767,767,0,545500,41.1773654444,545.5
480,600,1211,1211,0,1456400,45.620437537,1456.4
480,604,560,560,0,470600,47.8802400278,470.6
480,623,823,823,0,606300,61.8184475648,606.3
480,635,820,820,0,577800,78.5634046667,577.8
480,638,416,416,0,379900,78.6856942963,379.9
480,723,714,714,0,487400,106.931918574,487.4
480,746,663,663,0,494600,116.558718324,494.6
480,762,595,595,0,467000,122.623484972,467.0
480,791,668,668,0,488000,130.689677981,488.0
480,848,295,295,0,206700,154.706494046,206.7
480,897,417,417,0,291400,168.740606722,291.4
483,1182,1286,1286,0,908200,81.9772604167,908.2
483,1195,737,737,0,553000,84.749645963,553.0
483,1216,1233,1233,0,916700,87.9462362407,916.7
483,1230,1148,1148,0,839200,90.0489285926,839.2
483,1233,264,264,0,191400,91.0421502222,191.4
483,1239,984,984,0,707200,92.5227912778,707.2
483,1247,410,410,0,272800,93.0241264167,272.8
483,1260,2093,2093,0,1480800,95.0332542407,1480.8
483,1297,305,305,0,225700,104.917525889,225.7
483,1327,305,305,0,216200,110.991982139,216.2
483,1345,981,981,0,767400,115.938695806,767.4
483,1370,381,381,0,344000,121.879431472,344.0
483,1375,297,297,0,200600,123.02732325,200.6
483,1399,1013,1013,0,694600,127.506808241,694.6
483,1431,286,286,0,203400,133.015518278,203.4
483,1462,1201,1201,0,991300,138.877507296,991.3
483,1465,605,605,0,428500,139.030938491,428.5
483,1476,663,663,0,454600,147.795157259,454.6
483,1477,414,414,0,296700,147.949136944,296.7
483,1499,1546,1546,0,1145700,151.97544937,1145.7
483,1500,1832,1832,0,1358500,152.045733028,1358.5
483,1502,498,498,0,358700,152.516368769,358.7
483,1507,1095,1095,0,760900,152.982182963,760.9
483,1510,856,856,0,714200,153.494323944,714.2
484,762,1407,1407,0,1046600,20.89726075,1046.6
484,786,1685,1685,0,1222800,24.0251092593,1222.8
484,789,442,442,0,316800,25.4171768981,316.8
484,814,1367,1367,0,984600,27.6327333889,984.6
484,909,775,775,0,579400,46.4980482593,579.4
484,1003,708,708,0,487200,65.8533261852,487.2
484,1070,831,831,0,680000,81.1310983981,680.0
484,1164,1250,1250,0,871400,100.504027611,871.4
484,1180,720,720,0,525700,103.405163417,525.7
484,1199,382,382,0,241600,105.794156046,241.6
484,1214,731,731,0,502200,110.444834972,502.2
484,1330,581,581,0,430900,138.444658602,430.9
484,1415,282,282,0,211600,153.595719537,211.6
484,1463,673,673,0,441200,161.898678352,441.2
484,1553,1638,1638,0,811700,178.830131213,811.7
484,1556,441,441,0,238800,178.969644639,238.8
484,1592,1606,1606,0,897100,184.091128565,897.1
484,1614,766,766,0,400300,187.881402278,400.3
484,1645,701,701,0,329700,191.999270574,329.7
484,1669,1838,1838,0,950800,196.935205343,950.8
484,1739,1159,1159,0,558800,208.630016685,558.8
484,1803,1800,1800,0,890300,213.941877056,890.3
484,1816,1995,1995,0,1558000,214.804930315,1558.0
484,1848,791,791,0,363800,219.83415188,363.8
488,491,806,806,0,582800,10.985218713,582.8
488,533,864,864,0,659400,18.8130638611,659.4
488,536,908,908,0,638600,18.9198404815,638.6
488,538,1605,1605,0,1238500,20.641451,1238.5
488,547,1108,1108,0,889100,21.7161170833,889.1
488,556,658,658,0,513000,23.5945301852,513.0
488,557,387,387,0,273900,23.6760535926,273.9
488,591,771,771,0,573500,32.7943027778,573.5
488,619,3396,3396,0,3664600,38.8632652685,3664.6
488,630,697,697,0,518400,40.7974975741,518.4
488,662,1915,1915,0,1401900,48.6624025741,1401.9
488,699,1646,1646,0,1168200,52.8264086389,1168.2
488,743,644,644,0,455400,65.8992373981,455.4
488,797,696,696,0,560500,78.7619100741,560.5
488,799,432,432,0,318800,78.7880419444,318.8
488,803,737,737,0,532700,80.7024570278,532.7
488,817,272,272,0,200100,82.8188878056,200.1
488,818,998,998,0,789900,84.5125288426,789.9
488,844,3180,3180,0,2337700,92.5319504537,2337.7
488,852,713,713,0,511500,94.5633566296,511.5
488,859,589,589,0,423700,95.8077866296,423.7
488,905,1618,1618,0,2089500,106.577244694,2089.5
488,968,2393,2393,0,2258500,121.882213444,2258.5
488,981,1839,1839,0,1320900,124.504763611,1320.9
490,508,361,361,0,237800,14.6288109722,237.8
490,509,384,384,0,292900,14.6430513704,292.9
490,540,497,497,0,347700,23.9966596296,347.7
490,567,307,307,0,216900,31.8157449074,216.9
490,571,677,677,0,485600,32.7639349444,485.6
490,636,264,264,0,226200,49.7052501481,226.2
490,708,1111,1111,0,787200,66.8829841296,787.2
490,794,316,316,0,220300,90.6821994259,220.3
490,798,335,335,0,235900,92.5664007407,235.9
490,827,622,622,0,414800,98.6995834444,414.8
490,862,525,525,0,371000,119.629069167,371.0
490,866,317,317,0,203000,121.474169315,203.0
490,872,278,278,0,217700,121.630488333,217.7
490,873,296,296,0,212200,122.839398148,212.2
490,883,513,513,0,390800,125.607336565,390.8
490,978,462,462,0,294900,158.697638231,294.9
490,1030,441,441,0,224000,170.515172009,224.0
490,1051,685,685,0,325600,174.613393278,325.6
490,8312,849,849,0,448200,202.721664611,448.2
490,8346,375,375,0,191800,207.511679472,191.8
490,8380,1713,1713,0,925400,219.770316944,925.4
490,8392,784,784,0,427900,223.481805833,427.9
490,8409,416,416,0,204000,230.486723546,204.0
490,8428,1007,1007,0,505500,232.973037315,505.5
494,1017,1009,1009,0,715300,3.72189164815,715.3
494,1023,1146,1146,0,1920600,4.55203586111,1920.6
494,1086,397,397,0,298400,11.7758452963,298.4
494,1187,1776,1776,0,1333300,22.7270981759,1333.3
494,1226,4101,4101,0,2789000,25.9636412963,2789.0
494,1265,1111,1111,0,780400,29.9426701204,780.4
494,1270,1473,1473,0,1115500,30.8537434074,1115.5
494,1311,366,366,0,250800,35.0363702407,250.8
494,1387,255,255,0,224800,44.6331740185,224.8
494,1429,638,638,0,466400,50.5666188796,466.4
494,1434,326,326,0,244800,50.7798526574,244.8
494,1440,628,628,0,457300,50.9257582685,457.3
494,1524,876,876,0,624500,108.903579,624.5
494,1596,2854,2854,0,2041500,323.490692463,2041.5
494,1670,742,742,0,526000,330.833636963,526.0
494,1680,318,318,0,182400,331.871350546,182.4
494,1803,719,719,0,501400,348.491565204,501.4
494,1828,2762,2762,0,1946700,352.478370148,1946.7
494,1834,2626,2626,0,1920000,353.473564611,1920.0
494,1906,406,406,0,322300,362.537119417,322.3
494,1973,2773,2773,0,2143400,368.474824296,2143.4
494,1981,3093,3093,0,2394800,368.842109565,2394.8
494,1984,2766,2766,0,2200500,369.477425981,2200.5
494,2006,290,290,0,238800,373.584981,238.8
500,865,313,313,0,216700,14.8581112593,216.7
500,887,484,484,0,402000,19.0256949074,402.0
500,946,393,393,0,292400,31.51844325,292.4
500,1002,327,327,0,202400,42.7632778889,202.4
500,1004,903,903,0,693600,42.83026975,693.6
500,1018,2011,2011,0,1424900,45.8700812222,1424.9
500,1039,275,275,0,181900,50.0459898241,181.9
500,1066,1945,1945,0,1789500,54.9764672593,1789.5
500,1119,897,897,0,3349000,66.6590634167,3349.0
500,1181,2710,2710,0,2966800,81.8213589444,2966.8
500,1194,2746,2746,0,2672900,84.6269180833,2672.9
500,1216,417,417,0,315000,88.4667075093,315.0
500,1222,400,400,0,307700,89.7911438889,307.7
500,1231,408,408,0,309200,90.8263467407,309.2
500,1244,818,818,0,582100,93.8705392593,582.1
500,1300,291,286,0,262100,105.68226462,262.1
500,1316,661,661,0,503200,109.473419769,503.2
500,1353,280,280,0,192800,118.581794037,192.8
500,1404,2569,2569,0,2470500,127.953217315,2470.5
500,1421,506,506,0,351000,131.867960444,351.0
500,1429,784,784,0,585200,132.910004778,585.2
500,1447,566,566,0,410300,137.475180833,410.3
500,1449,835,835,0,575300,137.964711435,575.3
500,1477,646,646,0,483400,143.473447093,483.4
502,599,275,275,0,227700,10.8677937593,227.7
502,607,552,552,0,450800,12.70043175,450.8
502,687,636,636,0,492400,26.6886288426,492.4
502,917,344,344,0,263500,67.9140843796,263.5
502,996,927,927,0,697900,87.7846161852,697.9
502,1004,447,447,0,325500,90.0778950093,325.5
502,1139,537,537,0,422400,116.56722362,422.4
502,1315,328,328,0,242900,149.61502987,242.9
502,1385,263,263,0,191800,179.650450398,191.8
502,1441,1391,1391,0,1158600,189.656340519,1158.6
502,1470,466,466,0,356800,193.567301407,356.8
502,1526,565,565,0,419700,204.674191796,419.7
502,1739,782,782,0,664000,250.777680222,664.0
502,1931,315,315,0,250800,283.193989639,250.8
502,2022,575,575,0,495100,296.932530056,495.1
502,2047,331,331,0,258500,301.745775833,258.5
502,2142,741,741,0,577300,319.035842296,577.3
502,2153,492,492,0,365800,321.707968546,365.8
502,2168,481,481,0,372700,324.951990704,372.7
502,2261,706,706,0,523000,340.032415306,523.0
502,2299,672,672,0,500100,347.82190812,500.1
502,2372,794,794,0,637700,361.562243806,637.7
502,2376,666,666,0,501300,361.801361352,501.3
502,2443,1165,1165,0,955700,368.903965315,955.7
503,339,317,317,0,222300,24.725351963,222.3
503,368,664,664,0,456900,41.0049231667,456.9
503,422,623,623,0,464300,58.7752752593,464.3
503,423,630,630,0,435300,58.8716902778,435.3
503,455,485,485,0,348500,69.92494525,348.5
503,466,1138,1138,0,898200,74.5211421389,898.2
503,503,479,479,0,387500,83.8188747222,387.5
503,572,506,506,0,366700,100.85121412,366.7
503,609,483,483,0,338700,113.00862487,338.7
503,631,325,325,0,285300,117.476444167,285.3
503,683,294,294,0,224500,137.801343824,224.5
503,772,350,350,0,309100,188.000249704,309.1
503,774,296,296,0,253900,188.046332139,253.9
503,785,552,552,0,407800,191.95212625,407.8
503,892,4843,4843,0,5922000,226.725384333,5922.0
503,899,361,361,0,254700,228.835825639,254.7
503,1025,289,289,0,221500,282.852120852,221.5
503,1039,542,542,0,515600,288.77145363,515.6
503,1056,337,337,0,255800,295.852393889,255.8
503,1057,313,313,0,218900,295.863841194,218.9
503,1058,368,368,0,338500,296.083032556,338.5
503,1061,378,378,0,268400,298.946721287,268.4
503,1169,816,816,0,714300,347.95742925,714.3
504,199,824,824,0,555700,49.7441825185,555.7
504,201,713,713,0,506200,49.9411139259,506.2
504,209,719,719,0,494200,59.5235900556,494.2
504,213,691,691,0,497100,60.5287149259,497.1
504,215,628,628,0,476500,61.5309736759,476.5
504,250,232,232,0,218800,99.6803588519,218.8
504,270,255,255,0,192900,132.846050722,192.9
504,281,445,445,0,302900,140.767292639,302.9
504,300,940,940,0,682300,153.644659889,682.3
507,542,287,287,0,237600,20.5934141482,237.6
507,586,505,505,0,365200,42.0214111944,365.2
507,599,1319,1319,0,1261000,48.5410001852,1261.0
507,613,414,414,0,288300,51.508338787,288.3
507,621,674,674,0,511600,65.6467357778,511.6
507,623,338,338,0,236500,65.732023537,236.5
507,746,562,562,0,391400,110.825580176,391.4
507,799,358,358,0,261500,126.549008981,261.5
507,844,630,630,0,433400,138.829559194,433.4
507,871,452,452,0,330600,143.939440602,330.6
507,873,336,336,0,245200,144.480228685,245.2
507,874,420,420,0,308000,144.958624907,308.0
507,942,705,705,0,508400,160.926419713,508.4
507,995,483,483,0,351500,180.861885398,351.5
507,1008,380,380,0,276500,184.862363741,276.5
507,1014,937,937,0,701600,186.906999028,701.6
507,1068,1195,1195,0,972900,204.904432778,972.9
507,1109,330,330,0,225500,227.481511444,225.5
507,1123,656,656,0,492400,229.849940111,492.4
507,1131,1500,1500,0,1122800,230.707129926,1122.8
507,1356,419,419,0,292800,304.959712463,292.8
507,1398,477,477,0,342800,313.330777907,342.8
507,1422,526,526,0,391900,315.985062185,391.9
507,1449,317,317,0,194700,325.922805333,194.7
522,462,554,554,0,408100,12.0344619722,408.1
522,494,888,888,0,649400,19.9180380093,649.4
522,675,343,343,0,265500,62.9533403333,265.5
522,738,572,572,0,435600,81.9287120833,435.6
522,808,551,551,0,398500,100.94412188,398.5
522,853,290,290,0,194400,114.953060148,194.4
522,865,393,393,0,265200,145.531465222,265.2
522,890,304,304,0,239500,152.050030407,239.5
522,892,314,314,0,229100,152.522693639,229.1
522,1038,495,495,0,354500,200.929566759,354.5
522,1062,370,370,0,271000,210.810983944,271.0
522,1175,579,579,0,394800,234.027383213,394.8
522,1185,956,951,0,720900,235.048604917,720.9
522,1193,518,518,0,382500,236.603039056,382.5
522,1401,587,587,0,427500,278.526343343,427.5
522,1534,413,413,0,289600,301.901830556,289.6
522,1542,648,648,0,501600,303.695644639,501.6
522,1658,540,540,0,437000,330.538428917,437.0
522,1662,578,578,0,404000,330.787290861,404.0
522,1773,708,708,0,554100,355.817138667,554.1
522,1828,624,624,0,465700,367.927177102,465.7
522,1845,804,804,0,598000,369.600047731,598.0
522,1854,529,529,0,394600,370.836543306,394.6
522,1865,336,336,0,252800,375.472862417,252.8
527,725,448,448,0,447400,129.863108685,447.4
527,1018,1140,1140,0,872700,205.503384111,872.7
527,1060,879,879,0,595900,215.486788583,595.9
527,1123,469,469,0,354000,227.923319074,354.0
530,428,481,481,0,392800,29.5237869815,392.8
530,437,1081,1081,0,819400,32.5651505556,819.4
530,474,1125,1125,0,751800,41.6249129907,751.8
530,549,920,920,0,644400,65.5019896389,644.4
530,559,1072,1072,0,805800,68.5014651296,805.8
530,583,450,450,0,382900,77.6679040093,382.9
530,592,1425,1425,0,991700,79.5155901667,991.7
530,619,1010,1010,0,741400,86.7958433056,741.4
530,654,1346,1346,0,960900,97.6136018333,960.9
530,671,1755,1755,0,1276200,101.504317315,1276.2
530,710,871,871,0,649600,116.613484769,649.6
530,754,1069,1069,0,737500,129.520880824,737.5
530,773,1101,1101,0,823400,138.503598046,823.4
530,806,1609,1609,0,1178600,148.866377056,1178.6
530,847,296,296,0,209700,160.718824991,209.7
530,946,1050,1050,0,752500,194.521585481,752.5
530,959,1292,1292,0,967100,199.517733685,967.1
530,1018,1216,1216,0,904800,218.489672065,904.8
530,1022,880,880,0,700900,219.846877519,700.9
530,1068,715,715,0,554500,233.447082602,554.5
530,1153,1212,1212,0,957800,261.509948065,957.8
530,1246,874,874,0,718600,287.68302963,718.6
530,1325,834,834,0,577900,312.000111407,577.9
530,1497,656,656,0,453100,365.889540509,453.1
531,746,521,521,0,378300,31.0340962315,378.3
531,861,869,869,0,635500,48.5329796111,635.5
531,981,819,819,0,615400,66.5033641204,615.4
531,1110,716,716,0,517600,90.9209513889,517.6
531,1190,262,262,0,194000,102.910734657,194.0
531,1244,837,837,0,590900,112.549438435,590.9
531,1302,905,905,0,637000,122.480983556,637.0
531,1314,753,753,0,550200,124.416898407,550.2
531,1360,774,774,0,549500,132.920465704,549.5
531,1574,295,295,0,220300,164.976366565,220.3
531,1672,1265,1265,0,758700,177.930971343,758.7
531,1704,386,386,0,192400,182.561374796,192.4
531,1766,1181,1181,0,634000,190.50715763,634.0
531,1854,426,426,0,191800,204.418640722,191.8
531,1888,542,542,0,311300,209.554012361,311.3
531,1978,874,874,0,404300,223.743586824,404.3
531,2064,446,446,0,251200,235.958747463,251.2
531,2178,1248,1248,0,692200,250.781182444,692.2
531,2195,1659,1659,0,885000,252.519388778,885.0
531,2393,1702,1702,0,927400,281.015053019,927.4
531,2399,1283,1283,0,701900,281.891844194,701.9
531,2859,893,893,0,452500,341.448371954,452.5
531,2995,780,780,0,396900,360.892617648,396.9
531,3095,1411,1411,0,692200,373.93713088,692.2
533,386,289,289,0,206700,10.9839640833,206.7
533,405,255,255,0,184900,12.6304811481,184.9
533,409,388,388,0,297200,12.6923045093,297.2
533,427,360,360,0,223900,16.9095398148,223.9
533,480,790,790,0,648800,31.9037036482,648.8
533,482,1364,1364,0,962200,32.9209815,962.2
533,530,647,647,0,494000,40.8064884074,494.0
533,579,588,588,0,444800,54.7145706204,444.8
533,599,671,671,0,497700,62.7383556389,497.7
533,719,276,276,0,230500,90.6897333148,230.5
533,837,379,379,0,277200,128.866833352,277.2
533,871,745,745,0,536800,138.686988093,536.8
533,881,692,692,0,477500,142.86235338,477.5
533,938,754,754,0,530100,156.87084588,530.1
533,950,345,345,0,246700,159.515629167,246.7
533,970,620,620,0,436300,164.865926787,436.3
533,994,322,322,0,241500,169.453822843,241.5
533,999,544,544,0,386600,171.867555222,386.6
533,1028,394,394,0,297200,176.449780185,297.2
533,1032,718,718,0,574500,176.863279963,574.5
533,1110,465,465,0,378300,194.872609037,378.3
533,1138,307,307,0,221400,201.704700454,221.4
533,1218,483,483,0,364100,221.867340333,364.1
533,1240,228,228,0,198400,225.796777722,198.4
546,442,544,544,0,433600,13.6474772037,433.6
546,446,254,254,0,182000,13.8402229352,182.0
546,462,501,501,0,440500,17.7597242963,440.5
546,507,350,350,0,275800,28.6863788796,275.8
546,525,752,752,0,528900,31.5080027407,528.9
546,541,284,284,0,214400,36.5175639352,214.4
546,574,835,835,0,577700,44.5156678611,577.7
546,610,1236,1236,0,851600,50.7414128611,851.6
546,712,1583,1583,0,1187900,75.8552943889,1187.9
546,817,799,799,0,593800,106.70519887,593.8
546,947,766,766,0,576300,143.474698741,576.3
546,993,635,635,0,447300,156.703966472,447.3
546,1021,790,790,0,610200,163.474478065,610.2
546,1053,476,476,0,263300,172.475918704,263.3
546,1103,526,526,0,276600,187.709094648,276.6
546,1218,985,985,0,500700,212.478835981,500.7
546,1219,1429,1429,0,786800,212.703638685,786.8
546,1486,793,793,0,554000,271.50322575,554.0
546,1544,1315,1315,0,763100,284.694752093,763.1
546,1617,960,960,0,504900,303.473528093,504.9
546,1652,884,884,0,508700,312.47186212,508.7
546,1728,417,417,0,202700,338.725134917,202.7
546,1783,1591,1591,0,898400,351.69815237,898.4
546,1869,990,990,0,580800,368.475440204,580.8
547,401,775,775,0,560500,11.5190135185,560.5
547,439,545,545,0,437100,19.5538766019,437.1
547,465,567,567,0,419200,23.5301546111,419.2
547,466,1409,1409,0,1199900,23.8744934074,1199.9
547,485,518,518,0,426600,29.5610391852,426.6
547,517,826,826,0,622500,36.5534300741,622.5
547,553,851,851,0,692900,43.5345228148,692.9
547,583,268,268,0,220900,66.8214643796,220.9
547,584,1363,1363,0,1141400,66.8669072593,1141.4
547,623,815,815,0,679400,74.8357637593,679.4
547,648,427,427,0,439900,80.8301079722,439.9
547,698,1619,1619,0,1310600,92.4874376667,1310.6
547,714,821,821,0,637200,94.8345970741,637.2
547,783,890,890,0,730100,109.806845056,730.1
547,793,270,270,0,191100,113.516264389,191.1
547,818,565,565,0,443400,121.787072565,443.4
547,849,1117,1117,0,860900,128.484338241,860.9
547,870,968,968,0,810900,135.483090111,810.9
547,916,319,319,0,257100,144.9491575,257.1
547,929,379,379,0,284300,148.842664093,284.3
547,966,1386,1386,0,1171800,156.884082213,1171.8
547,970,678,678,0,554900,157.885877519,554.9
547,976,384,384,0,339900,158.933339231,339.9
547,997,1011,1011,0,864900,163.857714583,864.9
557,471,624,624,0,470100,15.3944781944,470.1
557,530,839,839,0,617800,23.4416989259,617.8
557,576,996,996,0,1193800,27.5290664352,1193.8
557,608,1602,1602,0,1170500,30.9256535278,1170.5
557,627,2373,2373,0,1636900,33.9134093704,1636.9
557,862,2031,2031,0,1479100,66.8859275463,1479.1
557,905,495,495,0,339200,75.3829436944,339.2
557,924,621,621,0,485500,79.4205600926,485.5
557,935,633,633,0,433900,81.4255791667,433.9
557,974,737,737,0,488500,89.4391335648,488.5
557,998,588,588,0,378700,92.4160281111,378.7
557,1010,1043,1043,0,719300,94.885591287,719.3
557,1048,546,546,0,403700,101.424342111,403.7
557,1059,1355,1355,0,959900,103.781012398,959.9
557,1072,457,457,0,301700,106.412438176,301.7
557,1113,574,574,0,383300,114.427083593,383.3
557,1140,677,677,0,522900,121.872358333,522.9
557,1174,1131,1131,0,866200,127.885742176,866.2
557,1191,1055,1055,0,688100,131.885355639,688.1
557,1212,1859,1859,0,1291200,137.894708241,1291.2
557,1242,774,774,0,587000,142.89799563,587.0
557,1281,1656,1656,0,1302400,151.882382991,1302.4
557,1320,615,615,0,448700,159.435966213,448.7
557,1337,665,665,0,481600,163.446405898,481.6
562,271,595,595,0,439900,9.83112591667,439.9
562,275,969,969,0,756800,10.5271183519,756.8
562,280,322,322,0,220700,10.7015621852,220.7
562,319,286,286,0,238900,16.0943446296,238.9
562,322,250,250,0,183600,16.7706201296,183.6
562,428,512,512,0,384900,36.8694569352,384.9
562,486,302,302,0,208400,48.7922131111,208.4
562,497,840,840,0,833200,50.5222815833,833.2
562,519,766,766,0,902800,52.8447503889,902.8
562,661,837,837,0,608200,80.9769096296,608.2
562,681,361,361,0,248600,83.7999859074,248.6
562,721,442,442,0,318700,94.9640877222,318.7
562,784,568,568,0,392500,115.488720259,392.5
562,818,2284,2284,0,2134400,130.842524806,2134.4
562,845,1011,1011,0,784900,136.893394231,784.9
562,1196,344,344,0,191800,202.954706278,191.8
562,1197,793,793,0,440000,203.068347685,440.0
562,1206,816,816,0,494800,205.499811231,494.8
562,1224,1365,1365,0,863600,208.854756537,863.6
562,1273,498,498,0,311500,218.647802194,311.5
562,1353,972,972,0,536600,232.956307083,536.6
562,1354,352,352,0,201500,236.660610176,201.5
562,1568,927,927,0,472500,292.751951833,472.5
562,1762,449,449,0,236300,359.805850509,236.3
563,221,270,270,0,190000,17.5856841204,190.0
563,229,1326,1326,0,1084500,18.9992272037,1084.5
563,255,245,245,0,195800,34.5719940833,195.8
563,278,668,668,0,554000,37.9337708704,554.0
563,300,443,443,0,356700,41.9239909815,356.7
563,340,286,286,0,252900,48.7889302593,252.9
563,345,234,234,0,199200,49.5474931667,199.2
563,357,330,330,0,262700,65.4726525,262.7
563,361,1441,1441,0,1156700,65.8939122778,1156.7
563,443,842,842,0,630600,77.9210902407,630.6
563,454,643,643,0,496300,79.6886980093,496.3
563,465,697,697,0,548300,81.5031080648,548.3
563,466,566,566,0,409000,81.7228181019,409.0
563,472,1126,1126,0,790400,82.4066488241,790.4
563,491,658,658,0,501400,84.0795738333,501.4
563,537,442,442,0,315400,98.8219638056,315.4
563,546,887,887,0,670600,104.976185954,670.6
563,575,524,524,0,426700,112.777303704,426.7
563,585,523,523,0,400500,114.691786648,400.5
563,598,575,575,0,439800,126.851718769,439.8
563,627,615,615,0,523500,138.010633139,523.5
563,687,270,270,0,234100,150.970413907,234.1
563,699,477,477,0,357100,152.983505861,357.1
563,736,264,264,0,192300,161.908692593,192.3
571,148,889,889,0,715300,7.91938773148,715.3
571,177,1044,1044,0,1226900,20.8436635833,1226.9
571,193,495,495,0,847800,30.9010067222,847.8
571,323,800,800,0,647700,83.7172573518,647.7
571,328,865,865,0,613100,85.9423064352,613.1
575,415,1328,1328,0,1012100,13.8154944167,1012.1
575,585,826,826,0,603900,33.6901424907,603.9
575,656,859,859,0,579300,40.8457665926,579.3
575,1054,704,704,0,443900,87.534731963,443.9
575,1369,660,660,0,446800,124.576091935,446.8
575,1462,805,790,0,793600,132.981638889,793.6
575,1501,257,257,0,180300,141.819644861,180.3
575,1504,1217,1217,0,1119800,142.522803259,1119.8
575,1651,752,752,0,580600,158.829095991,580.6
575,1750,740,740,0,604300,169.900068963,604.3
575,1790,5299,5299,0,4315500,173.884333481,4315.5
575,1873,690,690,0,517300,187.574950926,517.3
575,2130,868,868,0,678200,213.529710481,678.2
575,2322,515,515,0,1255400,234.130225037,1255.4
575,2346,738,738,0,550800,239.979939778,550.8
575,2625,333,333,0,244000,269.969168796,244.0
575,2639,1597,1597,0,1172800,271.581529065,1172.8
575,2981,954,954,0,682500,313.833684454,682.5
575,2982,695,695,0,466600,313.861221009,466.6
575,3120,849,849,0,633600,332.530607694,633.6
575,3268,675,675,0,519700,344.97129975,519.7
575,3349,1142,1142,0,794900,361.861389296,794.9
575,3359,2258,2258,0,2410300,362.783372889,2410.3
575,3390,2604,2604,0,2389800,365.786008306,2389.8
576,194,1276,1276,0,925300,41.9618353333,925.3
576,240,1498,1498,0,1153800,52.9351560833,1153.8
576,284,1269,1269,0,988600,83.7595279815,988.6
576,299,716,716,0,587900,88.8413133426,587.9
576,313,457,455,0,530300,97.7558846481,530.3
576,323,375,375,0,284600,104.565577991,284.6
576,356,340,340,0,250900,119.833445602,250.9
576,364,581,581,0,411900,122.868126565,411.9
576,369,309,309,0,212400,125.68223738,212.4
576,411,416,416,0,339800,161.705862528,339.8
576,426,1720,1717,0,1731300,167.852167472,1731.3
577,213,286,286,0,244700,30.9327514907,244.7
577,226,710,710,0,543300,34.9024211296,543.3
577,228,340,340,0,271700,36.8132780185,271.7
577,260,1151,1151,0,864300,45.9246018889,864.3
577,299,983,983,0,783400,52.7307003241,783.4
577,302,244,244,0,181900,52.9076597407,181.9
577,307,431,431,0,320600,53.6604725185,320.6
577,320,561,561,0,411900,54.9317362037,411.9
577,346,565,565,0,415700,176.574441139,415.7
577,348,291,291,0,216400,176.968763759,216.4
577,356,489,489,0,355500,178.922218694,355.5
577,406,2347,2347,0,1827700,190.924981741,1827.7
577,454,441,441,0,305200,204.702304398,305.2
577,465,840,840,0,662300,207.97509263,662.3
577,544,439,439,0,334900,233.931347648,334.9
577,668,300,300,0,217100,260.570610741,217.1
577,669,597,597,0,467400,260.882444685,467.4
577,779,742,742,0,598800,294.839280167,598.8
577,846,479,479,0,347000,315.758099963,347.0
577,879,499,499,0,383000,324.925978759,383.0
577,901,533,533,0,421600,331.928931657,421.6
577,908,323,323,0,224300,333.934634111,224.3
577,986,448,448,0,348400,358.907031472,348.4
577,1018,287,287,0,277500,371.842022759,277.5
580,130,666,666,0,566500,25.5961238056,566.5
580,156,1950,1950,0,1562700,30.8831154259,1562.7
580,315,554,554,0,422600,72.7788984815,422.6
580,316,2406,2405,0,2055700,72.8228282407,2055.7
580,590,531,531,0,422300,151.697111167,422.3
581,138,363,363,0,251200,12.658191963,251.2
581,183,688,688,0,473900,22.5114889074,473.9
581,574,411,411,0,383100,110.921290491,383.1
581,610,865,865,0,648000,119.655792546,648.0
581,616,766,766,0,531500,119.727647157,531.5
581,664,524,524,0,459700,131.88554637,459.7
581,676,376,376,0,274300,136.468819093,274.3
581,5888,304,304,0,228000,204.469971796,228.0
581,5899,300,300,0,239000,207.86226113,239.0
581,5969,340,340,0,271000,222.88147487,271.0
581,5983,282,282,0,191900,225.875256704,191.9
584,174,463,463,0,353700,11.6772452593,353.7
584,372,278,278,0,188000,43.7778174444,188.0
584,446,1367,1367,0,1081500,55.882326037,1081.5
584,532,301,301,0,228300,68.6321639815,228.3
584,690,584,584,0,421500,92.4269467963,421.5
584,846,232,232,0,186700,130.763394546,186.7
584,1101,736,736,0,493700,185.840326667,493.7
584,1114,758,758,0,515200,187.015155222,515.2
584,1138,536,536,0,362200,199.449746694,362.2
584,1289,586,586,0,513200,234.737787111,513.2
584,1354,801,801,0,581100,246.716757037,581.1
584,1378,400,400,0,298800,250.657553574,298.8
584,1636,930,930,0,739600,289.827434491,739.6
584,1654,757,757,0,531700,291.565990315,531.7
584,1708,735,735,0,557100,305.594452917,557.1
584,1884,511,511,0,416600,321.603400019,416.6
584,1920,576,576,0,415600,326.554390796,415.6
584,1954,610,610,0,418200,335.989962481,418.2
584,1975,772,772,0,550800,340.512112583,550.8
584,1996,335,335,0,231200,342.863553519,231.2
584,2006,600,600,0,431600,345.859353176,431.6
584,2008,596,596,0,456200,345.989852713,456.2
584,2083,282,282,0,192400,359.848530824,192.4
584,2135,1112,1112,0,795800,368.678635694,795.8
591,93,641,641,0,502400,34.9768818519,502.4
591,121,691,691,0,500800,41.739425537,500.8
591,147,339,339,0,226500,46.791425963,226.5
591,285,540,540,0,364900,68.9699089907,364.9
591,338,387,387,0,281700,76.1682498704,281.7
591,613,1504,1504,0,1163100,162.794283898,1163.1
591,638,963,963,0,741100,169.856645593,741.1
591,683,643,643,0,497200,190.867661102,497.2
591,684,250,250,0,199400,190.88469375,199.4
591,694,1439,1439,0,1109900,197.807407407,1109.9
591,859,785,785,0,569700,217.691820491,569.7
591,880,429,429,0,327100,218.979834417,327.1
591,1000,682,682,0,615100,224.172300519,615.1
591,1082,1096,1096,0,872900,229.956637269,872.9
591,1110,297,297,0,219900,242.941621565,219.9
591,1111,441,441,0,337700,243.57062987,337.7
591,1148,1714,1714,0,1342600,267.793829491,1342.6
591,1219,267,267,0,198600,280.003310056,198.6
591,1335,1087,1087,0,896800,288.061433111,896.8
591,1338,234,234,0,187300,288.093354463,187.3
591,1441,306,306,0,234700,300.970926426,234.7
591,1466,546,546,0,348000,303.942456093,348.0
591,1509,331,331,0,222100,310.077110963,222.1
591,1598,389,389,0,285600,320.91913687,285.6
592,114,586,586,0,378600,20.9876469167,378.6
592,124,2227,2227,0,1527300,23.9691914167,1527.3
592,143,2459,2459,0,1815500,30.9695647778,1815.5
592,253,2524,2524,0,1757700,72.9298715278,1757.7
592,260,2236,2236,0,1510600,74.9301088519,1510.6
592,379,2481,2481,0,1810500,114.859991546,1810.5
592,396,2637,2637,0,2010200,121.8576315,2010.2
592,430,2117,2117,0,1475500,135.860902685,1475.5
592,442,2243,2243,0,1566400,137.86162737,1566.4
592,460,1094,1094,0,776400,141.75571675,776.4
592,464,1625,1625,0,1117100,142.768049306,1117.1
592,513,443,443,0,307300,163.757242157,307.3
592,532,2261,2261,0,1571600,172.862524028,1571.6
592,588,1179,1179,0,867200,194.930487639,867.2
592,614,4176,4176,0,3694900,204.888572861,3694.9
592,699,3123,3123,0,2531100,234.859719407,2531.1
592,756,309,309,0,249900,265.537673963,249.9
592,764,651,651,0,434800,268.786706296,434.8
592,866,2933,2933,0,2512100,296.548541667,2512.1
592,921,2392,2392,0,1736100,312.798152083,1736.1
592,964,686,686,0,474700,324.889728778,474.7
592,970,1050,1050,0,779300,325.761075083,779.3
592,982,402,402,0,296900,333.699959713,296.9
592,1122,1216,1216,0,822200,368.841975213,822.2
596,150,494,494,0,330800,21.7915997593,330.8
596,155,569,569,0,487700,22.19691525,487.7
596,220,950,950,0,614800,46.5427996759,614.8
596,236,904,904,0,611500,50.7774657222,611.5
596,249,340,340,0,240400,53.1658406852,240.4
596,252,313,313,0,238800,53.5445720741,238.8
596,257,510,510,0,367800,53.9319365093,367.8
596,359,703,703,0,488200,75.925185,488.2
596,370,383,383,0,234400,77.6626619074,234.4
596,374,338,338,0,227900,78.8276203889,227.9
596,410,552,552,0,432100,85.1096294815,432.1
596,422,334,334,0,220600,88.1604558333,220.6
596,424,532,532,0,343400,88.7437646759,343.4
596,431,619,619,0,450000,89.9859246389,450.0
596,442,332,332,0,209600,94.6727407778,209.6
596,443,598,598,0,460400,94.7027682963,460.4
596,464,1558,1558,0,1144600,102.533981185,1144.6
596,470,318,318,0,220600,103.645542093,220.6
596,475,413,413,0,286000,104.027874519,286.0
596,501,895,895,0,597700,109.876606204,597.7
596,539,302,302,0,189200,130.933763611,189.2
596,546,275,275,0,194800,134.091662991,194.8
596,552,446,446,0,309700,137.128319352,309.7
596,621,1187,1187,0,931200,156.224990083,931.2
597,73,1395,1395,0,1004400,22.5510323519,1004.4
597,79,1193,1193,0,928800,23.5477614444,928.8
597,86,664,664,0,451600,26.9559835185,451.6
597,116,307,307,0,219000,37.9134293981,219.0
597,130,1240,1240,0,970500,41.6266584352,970.5
597,136,2750,2750,0,1956100,44.5519075,1956.1
597,142,2265,2265,0,1593400,46.5518351667,1593.4
597,147,1026,1026,0,717600,48.6277546852,717.6
597,154,1373,1373,0,1040200,50.5547843148,1040.2
597,162,1319,1319,0,995500,53.553918537,995.5
597,185,616,616,0,456600,62.7157157037,456.6
597,206,2637,2637,0,1927100,72.5067930648,1927.1
597,210,1358,1358,0,1041100,74.511691213,1041.1
597,220,1386,1386,0,1019600,78.5143935556,1019.6
597,223,1436,1436,0,1076800,79.5130025926,1076.8
597,230,1288,1288,0,935600,82.5130326296,935.6
597,240,348,348,0,292100,83.956610287,292.1
597,248,1338,1338,0,1016300,88.5153416019,1016.3
597,265,1227,1227,0,1042700,95.5080968704,1042.7
597,275,728,728,0,494000,97.9598636852,494.0
597,279,3097,3097,0,2322500,101.514143889,2322.5
597,316,635,635,0,512800,118.94960812,512.8
597,320,3896,3896,0,2729400,121.502757259,2729.4
597,339,1298,1298,0,968200,130.507630324,968.2
599,30,985,985,0,656700,19.5285796204,656.7
599,39,1544,1544,0,1084900,22.8959176574,1084.9
599,42,1237,1237,0,877600,30.5905755278,877.6
599,46,598,598,0,401000,30.9537048241,401.0
599,51,794,794,0,628800,31.8823798333,628.8
599,54,832,832,0,575100,32.5426859907,575.1
599,66,414,414,0,292400,34.9399990833,292.4
599,75,461,461,0,310100,35.8342578981,310.1
599,77,954,954,0,694700,36.5377384259,694.7
599,80,1126,1126,0,781300,36.6507509167,781.3
599,81,489,489,0,368700,36.8776899815,368.7
599,82,2385,2385,0,1941600,36.8974613241,1941.6
599,92,442,442,0,366900,37.8911131111,366.9
599,93,584,584,0,473600,38.5497663704,473.6
599,94,1031,1031,0,732600,38.5924351852,732.6
599,117,391,391,0,283200,43.4720783148,283.2
599,121,414,414,0,281300,43.8607965741,281.3
599,125,243,243,0,217500,44.6679231852,217.5
599,133,1236,1236,0,994200,46.5401433148,994.2
599,134,2055,2055,0,1563800,46.8521038889,1563.8
599,135,3150,3150,0,2428100,46.9336694074,2428.1
599,153,250,250,0,199400,49.9699373889,199.4
599,154,1493,1493,0,1264900,49.9908798518,1264.9
599,155,729,729,0,577500,50.54642475,577.5
600,338,328,328,0,244300,64.7243797037,244.3
600,714,462,462,0,357500,141.734475546,357.5
600,754,474,474,0,397200,148.903879444,397.2
600,755,521,521,0,420800,148.935346889,420.8
600,783,726,726,0,544600,157.7152805,544.6
600,785,472,472,0,436400,157.754975435,436.4
600,869,675,675,0,519800,174.542513083,519.8
600,916,927,927,0,751700,187.67099087,751.7
600,1077,618,618,0,531000,216.278486574,531.0
600,1306,244,244,0,188600,280.723326722,188.6
600,1510,461,461,0,390600,314.751128176,390.6
601,128,1252,1252,0,899500,7.99223109259,899.5
601,115,1735,1735,0,1213800,9.07906251852,1213.8
601,251,3170,3170,0,3707700,19.027556287,3707.7
601,266,492,492,0,339400,20.1172579722,339.4
601,284,972,972,0,793800,21.6635348519,793.8
601,312,865,865,0,708000,23.9365273333,708.0
601,326,1611,1611,0,1170600,24.8512670093,1170.6
601,377,363,363,0,259100,30.0999779167,259.1
601,382,1130,1130,0,887300,30.9594026852,887.3
601,489,510,510,0,371400,41.748473287,371.4
601,556,676,676,0,514500,49.0219474167,514.5
601,736,693,693,0,481200,65.1453020648,481.2
601,814,1066,1066,0,707700,74.8941202963,707.7
601,893,696,696,0,514900,83.8758573796,514.9
601,1109,1043,1043,0,743900,107.674186565,743.9
601,1113,1232,1232,0,831900,107.826558111,831.9
601,1179,732,732,0,2320000,115.929747741,2320.0
601,1234,305,305,0,222000,122.899552046,222.0
601,1274,438,438,0,341900,127.672223046,341.9
601,1308,982,982,0,681900,130.975347074,681.9
601,1330,517,517,0,390600,132.965243917,390.6
601,1335,1028,1028,0,729400,133.786458574,729.4
601,1346,394,394,0,261500,135.671444426,261.5
601,1359,680,680,0,476800,136.811625093,476.8
608,32,310,310,0,222800,12.8957033519,222.8
608,63,711,711,0,548000,30.5765894722,548.0
608,66,282,282,0,212300,30.6154264074,212.3
608,67,351,351,0,319300,30.6710808704,319.3
608,134,398,398,0,317900,53.6992555278,317.9
608,146,277,277,0,202100,55.7121622593,202.1
608,168,440,440,0,329900,74.5945532037,329.9
608,172,1190,1190,0,931100,76.7327660185,931.1
608,173,729,729,0,552500,77.7152704444,552.5
608,182,816,816,0,625000,81.5941648148,625.0
608,183,549,549,0,414900,81.6619277593,414.9
608,202,1132,1132,0,812500,89.7543205833,812.5
608,203,943,943,0,1305900,91.6849088611,1305.9
608,209,322,322,0,536700,93.6533597685,536.7
608,245,391,391,0,322800,106.683772981,322.8
608,261,527,527,0,441800,112.731871991,441.8
608,281,2089,2089,0,1674100,120.858511204,1674.1
608,282,436,436,0,307800,120.891446907,307.8
608,310,804,804,0,583500,128.665365315,583.5
608,315,561,561,0,424500,129.802113852,424.5
608,350,539,539,0,410400,145.051913435,410.4
608,371,364,364,0,292000,155.731370815,292.0
608,378,1339,1339,0,1087800,158.493067407,1087.8
608,392,1584,1584,0,1198700,163.498065278,1198.7
